keyword,volume_be,kd,cpc_eur,intent,page_cible
aspirateur balai pour piscine,70,,0.25,,/aspirateur-manuel (silo bas)
balai aspirateur piscine,70,,0.25,,/aspirateur-manuel (silo bas)
balai aspirateur pour piscine,70,,0.25,,/aspirateur-manuel (silo bas)
balai piscine aspirateur,70,,0.25,,/aspirateur-manuel (silo bas)
aspirateur balai piscine,40,,0.23,,/aspirateur-manuel (silo bas)
aspirateur manuel piscine,40,,0.31,,/aspirateur-manuel (silo bas)
aspirateur manuel pour piscine,40,,0.42,,/aspirateur-manuel (silo bas)
aspirateur piscine manuel,40,,0.42,,/aspirateur-manuel (silo bas)
balais aspirateur piscine,40,,0.25,,/aspirateur-manuel (silo bas)
aspirateur balais piscine,30,,0.23,,/aspirateur-manuel (silo bas)
aspirateur balais pour piscine,20,,0.25,,/aspirateur-manuel (silo bas)
aspirateur piscine balai,20,,0.25,,/aspirateur-manuel (silo bas)
aspirateur piscine balais,20,,0.25,,/aspirateur-manuel (silo bas)
aspirateur piscine manuel avec tuyau,20,,0.0,,/aspirateur-manuel (silo bas)
aspirateur piscine tuyau,20,,0.0,,/aspirateur-manuel (silo bas)
aspirateur piscine venturi,20,,0.0,,/aspirateur-manuel (silo bas)
aspirateur venturi piscine,20,,0.0,,/aspirateur-manuel (silo bas)
aspiration balai piscine,20,,0.23,,/aspirateur-manuel (silo bas)
aspirer fond piscine avec tuyau,20,,0.0,,/aspirateur-manuel (silo bas)
balai aspirant pour piscine,20,,0.25,,/aspirateur-manuel (silo bas)
balai aspirateur de piscine,20,,0.23,,/aspirateur-manuel (silo bas)
balai aspirateur piscine gifi,20,,0.0,,/aspirateur-manuel (silo bas)
balai aspirateur piscine professionnel,20,,0.43,,/aspirateur-manuel (silo bas)
balaie aspirateur piscine,20,,0.25,,/aspirateur-manuel (silo bas)
balais aspirant piscine,20,,0.25,,/aspirateur-manuel (silo bas)
tete de balais aspirateur piscine,20,,0.0,,/aspirateur-manuel (silo bas)
tuyau aspirateur de piscine,20,,0.0,,/aspirateur-manuel (silo bas)
tuyau aspirateur piscine,20,,0.27,,/aspirateur-manuel (silo bas)
tuyau aspiration piscine,20,,0.34,,/aspirateur-manuel (silo bas)
tuyau pour aspirateur piscine,20,,0.16,,/aspirateur-manuel (silo bas)
tuyaux aspirateur piscine,20,,0.27,,/aspirateur-manuel (silo bas)
tuyaux aspiration piscine,20,,0.0,,/aspirateur-manuel (silo bas)
tête de balai aspirateur piscine,20,,0.0,,/aspirateur-manuel (silo bas)
tuyau pour robot piscine,20,,0.0,,/aspirateur-manuel (silo bas)
tuyau robot piscine,20,,0.0,,/aspirateur-manuel (silo bas)
adaptateur tuyau aspiration piscine,10,,0.0,,/aspirateur-manuel (silo bas)
aspirateur a main piscine,10,,0.28,,/aspirateur-manuel (silo bas)
aspirateur balai de piscine,10,,0.23,,/aspirateur-manuel (silo bas)
aspirateur balai piscine ryobi,10,,0.0,,/aspirateur-manuel (silo bas)
aspirateur balai triangulaire pour piscine splash,10,,0.0,,/aspirateur-manuel (silo bas)
aspirateur de piscine manuel,10,,0.29,,/aspirateur-manuel (silo bas)
aspirateur de piscine manuelle,10,,0.29,,/aspirateur-manuel (silo bas)
aspirateur fond de piscine manuel,10,,0.0,,/aspirateur-manuel (silo bas)
aspirateur manuel de piscine,10,,0.29,,/aspirateur-manuel (silo bas)
aspirateur manuel piscine decathlon,10,,0.0,,/aspirateur-manuel (silo bas)
aspirateur piscine a main,10,,0.0,,/aspirateur-manuel (silo bas)
aspirateur piscine avec tuyau,10,,0.0,,/aspirateur-manuel (silo bas)
aspirateur piscine avec tuyau d'arrosage,10,,0.0,,/aspirateur-manuel (silo bas)
aspirateur piscine effet venturi,10,,0.0,,/aspirateur-manuel (silo bas)
aspirateur piscine manuel sans tuyau,10,,0.0,,/aspirateur-manuel (silo bas)
aspirateur piscine prise balai,10,,0.0,,/aspirateur-manuel (silo bas)
aspirateur piscine sans tuyau,10,,0.23,,/aspirateur-manuel (silo bas)
aspirateur piscine sur prise balai,10,,0.0,,/aspirateur-manuel (silo bas)
aspirateur piscine sur tuyau d'arrosage,10,,0.0,,/aspirateur-manuel (silo bas)
aspirateur piscine tuyau arrosage,10,,0.0,,/aspirateur-manuel (silo bas)
aspirateur piscine à main,10,,0.0,,/aspirateur-manuel (silo bas)
aspirateur pompe piscine venturi,10,,0.0,,/aspirateur-manuel (silo bas)
aspirateur prise balai piscine,10,,0.0,,/aspirateur-manuel (silo bas)
aspirateur tuyau piscine,10,,0.0,,/aspirateur-manuel (silo bas)
aspirateur venturi pour piscine,10,,0.0,,/aspirateur-manuel (silo bas)
aspirateur à main piscine,10,,0.0,,/aspirateur-manuel (silo bas)
aspirateur à main pour piscine,10,,0.0,,/aspirateur-manuel (silo bas)
aspiration manuelle piscine,10,,0.31,,/aspirateur-manuel (silo bas)
aspiration piscine prise balai,10,,0.0,,/aspirateur-manuel (silo bas)
aspiration prise balai piscine,10,,0.0,,/aspirateur-manuel (silo bas)
aspirer fond piscine sans balai,10,,0.0,,/aspirateur-manuel (silo bas)
aspirer piscine avec prise balai,10,,0.0,,/aspirateur-manuel (silo bas)
aspirer piscine avec tuyau,10,,0.0,,/aspirateur-manuel (silo bas)
balai aspirateur de fond piscine,10,,0.0,,/aspirateur-manuel (silo bas)
balai aspirateur electrique piscine,10,,0.0,,/aspirateur-manuel (silo bas)
balai aspirateur fairlock piscine,10,,0.0,,/aspirateur-manuel (silo bas)
balai aspirateur fairlocks pour piscine,10,,0.0,,/aspirateur-manuel (silo bas)
balai aspirateur manuel piscine,10,,0.0,,/aspirateur-manuel (silo bas)
balai aspirateur manuel pour piscine,10,,0.0,,/aspirateur-manuel (silo bas)
balai aspirateur piscine avec sac,10,,0.0,,/aspirateur-manuel (silo bas)
balai aspirateur piscine avec tuyau,10,,0.0,,/aspirateur-manuel (silo bas)
balai aspirateur piscine cash piscine,10,,0.0,,/aspirateur-manuel (silo bas)
balai aspirateur piscine electrique,10,,0.0,,/aspirateur-manuel (silo bas)
balai aspirateur piscine fairlock,10,,0.0,,/aspirateur-manuel (silo bas)
balai aspirateur piscine fairlocks,10,,0.0,,/aspirateur-manuel (silo bas)
balai aspirateur piscine lidl,10,,0.0,,/aspirateur-manuel (silo bas)
balai aspirateur piscine magiline,10,,0.0,,/aspirateur-manuel (silo bas)
balai aspirateur piscine manuel,10,,0.0,,/aspirateur-manuel (silo bas)
balai aspirateur piscine sans branchement,10,,0.0,,/aspirateur-manuel (silo bas)
balai aspirateur piscine sans pompe,10,,0.0,,/aspirateur-manuel (silo bas)
balai aspirateur piscine sans tuyau,10,,0.0,,/aspirateur-manuel (silo bas)
balai de piscine aspirateur,10,,0.0,,/aspirateur-manuel (silo bas)
balais aspirateur manuel piscine,10,,0.0,,/aspirateur-manuel (silo bas)
balais aspirateur piscine electrique,10,,0.0,,/aspirateur-manuel (silo bas)
balais aspirateur pour piscine,10,,0.25,,/aspirateur-manuel (silo bas)
brancher balai aspirateur piscine,10,,0.0,,/aspirateur-manuel (silo bas)
comment amorcer tuyau aspirateur piscine,10,,0.0,,/aspirateur-manuel (silo bas)
comment aspirer le fond de la piscine avec un tuyau,10,,0.0,,/aspirateur-manuel (silo bas)
comment aspirer piscine avec tuyau,10,,0.0,,/aspirateur-manuel (silo bas)
comment aspirer sa piscine avec un tuyau,10,,0.0,,/aspirateur-manuel (silo bas)
comment aspirer une piscine avec un balai,10,,0.0,,/aspirateur-manuel (silo bas)
comment brancher balai aspirateur piscine,10,,0.0,,/aspirateur-manuel (silo bas)
comment brancher le balai aspirateur piscine,10,,0.0,,/aspirateur-manuel (silo bas)
comment connecter balai aspirateur piscine,10,,0.0,,/aspirateur-manuel (silo bas)
comment fonctionne un aspirateur de piscine manuel,10,,0.0,,/aspirateur-manuel (silo bas)
comment nettoyer la piscine avec le balai aspirateur,10,,0.0,,/aspirateur-manuel (silo bas)
comment remplir tuyau aspirateur piscine,10,,0.0,,/aspirateur-manuel (silo bas)
comment utiliser aspirateur balai piscine,10,,0.0,,/aspirateur-manuel (silo bas)
comment utiliser aspirateur manuel piscine,10,,0.0,,/aspirateur-manuel (silo bas)
comment utiliser balai aspirateur piscine,10,,0.0,,/aspirateur-manuel (silo bas)
comment utiliser un balai aspirateur manuel de piscine,10,,0.0,,/aspirateur-manuel (silo bas)
comment utiliser un balai aspirateur piscine,10,,0.0,,/aspirateur-manuel (silo bas)
embout tuyau aspiration piscine,10,,0.0,,/aspirateur-manuel (silo bas)
kit balai aspirateur piscine,10,,0.0,,/aspirateur-manuel (silo bas)
manuel aspirateur piscine,10,,0.0,,/aspirateur-manuel (silo bas)
nettoyage piscine avec balai aspirateur,10,,0.0,,/aspirateur-manuel (silo bas)
nettoyer sa piscine avec un balai aspirateur,10,,0.0,,/aspirateur-manuel (silo bas)
piscine aspirateur manuel,10,,0.42,,/aspirateur-manuel (silo bas)
piscine balai aspirateur,10,,0.0,,/aspirateur-manuel (silo bas)
prise balai piscine aspiration ou refoulement,10,,0.0,,/aspirateur-manuel (silo bas)
remplir tuyau aspirateur piscine,10,,0.0,,/aspirateur-manuel (silo bas)
robot aspirateur piscine prise balai,10,,0.0,,/aspirateur-manuel (silo bas)
tete balai aspirateur piscine,10,,0.0,,/aspirateur-manuel (silo bas)
tuyau aspiration piscine 38 mm,10,,0.0,,/aspirateur-manuel (silo bas)
tuyau d'aspiration piscine,10,,0.0,,/aspirateur-manuel (silo bas)
tuyau piscine aspirateur,10,,0.0,,/aspirateur-manuel (silo bas)
tuyau piscine pour aspirateur,10,,0.0,,/aspirateur-manuel (silo bas)
tuyau pour aspirateur de piscine,10,,0.0,,/aspirateur-manuel (silo bas)
tuyau pour aspiration piscine,10,,0.0,,/aspirateur-manuel (silo bas)
utilisation aspirateur manuel piscine,10,,0.0,,/aspirateur-manuel (silo bas)
utilisation balai aspirateur piscine,10,,0.0,,/aspirateur-manuel (silo bas)
utiliser balai aspirateur piscine,10,,0.0,,/aspirateur-manuel (silo bas)
balai robot piscine,10,,0.0,,/aspirateur-manuel (silo bas)
robot balai piscine,10,,0.0,,/aspirateur-manuel (silo bas)
robot manuel piscine,10,,0.0,,/aspirateur-manuel (silo bas)
robot manuel pour piscine,10,,0.0,,/aspirateur-manuel (silo bas)
robot piscine manuel,10,,0.0,,/aspirateur-manuel (silo bas)
robot piscine prise balai,10,,0.0,,/aspirateur-manuel (silo bas)
robot piscine sans tuyau,10,,0.0,,/aspirateur-manuel (silo bas)
robot piscine sur prise balai,10,,0.0,,/aspirateur-manuel (silo bas)
aspirateur piscine,1300,13.0,0.42,Informational,/aspirateur-piscine (hub désambiguïsation)
piscine aspiration,320,17.0,0.47,"Informational, Transactional",/aspirateur-piscine (hub désambiguïsation)
aspirateur pour piscine,210,16.0,0.42,Informational,/aspirateur-piscine (hub désambiguïsation)
aspirateur pour piscines,210,11.0,0.42,Informational,/aspirateur-piscine (hub désambiguïsation)
piscine aspirateur,210,16.0,0.47,Informational,/aspirateur-piscine (hub désambiguïsation)
aspirateur de piscine,170,13.0,0.43,Informational,/aspirateur-piscine (hub désambiguïsation)
petit aspirateur piscine,30,,0.28,,/aspirateur-piscine (hub désambiguïsation)
aspirateur a eau piscine,20,,0.36,,/aspirateur-piscine (hub désambiguïsation)
aspirateur a piscine,20,,0.49,,/aspirateur-piscine (hub désambiguïsation)
aspirateur algue piscine,20,,0.0,,/aspirateur-piscine (hub désambiguïsation)
aspirateur algues piscine,20,,0.0,,/aspirateur-piscine (hub désambiguïsation)
aspirateur d'eau piscine,20,,0.29,,/aspirateur-piscine (hub désambiguïsation)
aspirateur de piscine fait maison,20,,0.0,,/aspirateur-piscine (hub désambiguïsation)
aspirateur eau piscine,20,,0.32,,/aspirateur-piscine (hub désambiguïsation)
aspirateur eau pour piscine,20,,0.21,,/aspirateur-piscine (hub désambiguïsation)
aspirateur electrique piscine,20,,0.24,,/aspirateur-piscine (hub désambiguïsation)
aspirateur electrique pour piscine,20,,0.24,,/aspirateur-piscine (hub désambiguïsation)
aspirateur floculant piscine,20,,0.0,,/aspirateur-piscine (hub désambiguïsation)
aspirateur piscine autoportée,20,,0.0,,/aspirateur-piscine (hub désambiguïsation)
aspirateur piscine branchement,20,,0.0,,/aspirateur-piscine (hub désambiguïsation)
aspirateur piscine cash piscine,20,,0.0,,/aspirateur-piscine (hub désambiguïsation)
aspirateur piscine electrique,20,,0.24,,/aspirateur-piscine (hub désambiguïsation)
aspirateur piscine fairlock,20,,0.0,,/aspirateur-piscine (hub désambiguïsation)
aspirateur piscine fine particule,20,,0.0,,/aspirateur-piscine (hub désambiguïsation)
aspirateur piscine gifi,20,,0.0,,/aspirateur-piscine (hub désambiguïsation)
aspirateur piscine leroy merlin,20,,0.0,,/aspirateur-piscine (hub désambiguïsation)
aspirateur piscine naturelle,20,,0.0,,/aspirateur-piscine (hub désambiguïsation)
aspirateur piscine oase,20,,0.0,,/aspirateur-piscine (hub désambiguïsation)
aspirateur piscine pro,20,,0.58,,/aspirateur-piscine (hub désambiguïsation)
aspirateur piscine professionnel,20,,0.58,,/aspirateur-piscine (hub désambiguïsation)
aspirateur piscine puissant,20,,0.34,,/aspirateur-piscine (hub désambiguïsation)
aspirateur piscine sans pompe,20,,0.0,,/aspirateur-piscine (hub désambiguïsation)
aspirateur piscine splash,20,,0.0,,/aspirateur-piscine (hub désambiguïsation)
aspirateur piscine yzaki,20,,0.0,,/aspirateur-piscine (hub désambiguïsation)
aspirateur piscine yzaki 90,20,,0.0,,/aspirateur-piscine (hub désambiguïsation)
aspirateur piscine zx300,20,,0.0,,/aspirateur-piscine (hub désambiguïsation)
aspirateur pompe piscine,20,,0.29,,/aspirateur-piscine (hub désambiguïsation)
aspirateur portable piscine,20,,0.0,,/aspirateur-piscine (hub désambiguïsation)
aspirateur pour piscine autoportée,20,,0.0,,/aspirateur-piscine (hub désambiguïsation)
aspirateur sable piscine,20,,0.41,,/aspirateur-piscine (hub désambiguïsation)
aspirateur vase piscine,20,,0.0,,/aspirateur-piscine (hub désambiguïsation)
aspirateur vide piscine,20,,0.0,,/aspirateur-piscine (hub désambiguïsation)
aspirateur à eau piscine,20,,0.32,,/aspirateur-piscine (hub désambiguïsation)
aspirer algue piscine,20,,0.0,,/aspirateur-piscine (hub désambiguïsation)
aspirer algues piscine,20,,0.0,,/aspirateur-piscine (hub désambiguïsation)
aspirer floculant piscine,20,,0.0,,/aspirateur-piscine (hub désambiguïsation)
aspirer sable piscine,20,,0.0,,/aspirateur-piscine (hub désambiguïsation)
aspirer vase piscine,20,,0.0,,/aspirateur-piscine (hub désambiguïsation)
branchement aspirateur piscine,20,,0.0,,/aspirateur-piscine (hub désambiguïsation)
buse aspiration piscine,20,,0.0,,/aspirateur-piscine (hub désambiguïsation)
cash piscine aspirateur,20,,0.0,,/aspirateur-piscine (hub désambiguïsation)
crepine aspiration chlore piscine,20,,0.0,,/aspirateur-piscine (hub désambiguïsation)
dreamland aspirateur piscine,20,,0.0,,/aspirateur-piscine (hub désambiguïsation)
embout aspirateur piscine,20,,0.0,,/aspirateur-piscine (hub désambiguïsation)
embout aspiration piscine,20,,0.0,,/aspirateur-piscine (hub désambiguïsation)
gifi aspirateur piscine,20,,0.0,,/aspirateur-piscine (hub désambiguïsation)
leroy merlin aspirateur piscine,20,,0.0,,/aspirateur-piscine (hub désambiguïsation)
mini aspirateur piscine,20,,0.0,,/aspirateur-piscine (hub désambiguïsation)
pompe aspirateur piscine,20,,0.29,,/aspirateur-piscine (hub désambiguïsation)
pompe aspiration piscine,20,,0.29,,/aspirateur-piscine (hub désambiguïsation)
pompe pour aspirateur piscine,20,,0.0,,/aspirateur-piscine (hub désambiguïsation)
prise aspirateur piscine,20,,0.0,,/aspirateur-piscine (hub désambiguïsation)
ryobi aspirateur piscine,20,,0.29,,/aspirateur-piscine (hub désambiguïsation)
tete aspirateur piscine,20,,0.0,,/aspirateur-piscine (hub désambiguïsation)
yzaki aspirateur piscine,20,,0.0,,/aspirateur-piscine (hub désambiguïsation)
adaptateur aspirateur piscine,10,,0.0,,/aspirateur-piscine (hub désambiguïsation)
aquaway aspirateur piscine,10,,0.0,,/aspirateur-piscine (hub désambiguïsation)
aspirateur a pile pour piscine,10,,0.0,,/aspirateur-piscine (hub désambiguïsation)
aspirateur a sable piscine,10,,0.0,,/aspirateur-piscine (hub désambiguïsation)
aspirateur boue piscine,10,,0.0,,/aspirateur-piscine (hub désambiguïsation)
aspirateur cash piscine,10,,0.0,,/aspirateur-piscine (hub désambiguïsation)
aspirateur coccinelle piscine,10,,0.0,,/aspirateur-piscine (hub désambiguïsation)
aspirateur d'eau pour piscine,10,,0.0,,/aspirateur-piscine (hub désambiguïsation)
aspirateur de piscine cash piscine,10,,0.0,,/aspirateur-piscine (hub désambiguïsation)
aspirateur de piscine electrique,10,,0.48,,/aspirateur-piscine (hub désambiguïsation)
aspirateur de piscine leroy merlin,10,,0.0,,/aspirateur-piscine (hub désambiguïsation)
aspirateur de piscine professionnel,10,,0.0,,/aspirateur-piscine (hub désambiguïsation)
aspirateur de piscine puissant,10,,0.0,,/aspirateur-piscine (hub désambiguïsation)
aspirateur de piscine ryobi,10,,0.0,,/aspirateur-piscine (hub désambiguïsation)
aspirateur de piscine skooba,10,,0.0,,/aspirateur-piscine (hub désambiguïsation)
aspirateur de piscine telsa,10,,0.0,,/aspirateur-piscine (hub désambiguïsation)
aspirateur de piscine yzaki,10,,0.0,,/aspirateur-piscine (hub désambiguïsation)
aspirateur de sable pour piscine,10,,0.0,,/aspirateur-piscine (hub désambiguïsation)
aspirateur de vase de piscine par siphon,10,,0.0,,/aspirateur-piscine (hub désambiguïsation)
aspirateur eau et poussiere piscine,10,,0.0,,/aspirateur-piscine (hub désambiguïsation)
aspirateur eau pour vider piscine,10,,0.0,,/aspirateur-piscine (hub désambiguïsation)
aspirateur filtrant piscine,10,,0.0,,/aspirateur-piscine (hub désambiguïsation)
aspirateur karcher pour piscine,10,,0.0,,/aspirateur-piscine (hub désambiguïsation)
aspirateur laveur piscine,10,,0.0,,/aspirateur-piscine (hub désambiguïsation)
aspirateur main piscine,10,,0.0,,/aspirateur-piscine (hub désambiguïsation)
aspirateur mecanique piscine,10,,0.0,,/aspirateur-piscine (hub désambiguïsation)
aspirateur mini piscine,10,,0.0,,/aspirateur-piscine (hub désambiguïsation)
aspirateur nettoyage piscine,10,,0.37,,/aspirateur-piscine (hub désambiguïsation)
aspirateur nettoyeur de piscine,10,,0.0,,/aspirateur-piscine (hub désambiguïsation)
aspirateur nettoyeur piscine,10,,0.37,,/aspirateur-piscine (hub désambiguïsation)
aspirateur particule fine piscine,10,,0.0,,/aspirateur-piscine (hub désambiguïsation)
aspirateur pieuvre piscine,10,,0.0,,/aspirateur-piscine (hub désambiguïsation)
aspirateur piscine 20m3,10,,0.0,,/aspirateur-piscine (hub désambiguïsation)
aspirateur piscine 30m3,10,,0.0,,/aspirateur-piscine (hub désambiguïsation)
aspirateur piscine a pile,10,,0.0,,/aspirateur-piscine (hub désambiguïsation)
aspirateur piscine a piles,10,,0.0,,/aspirateur-piscine (hub désambiguïsation)
aspirateur piscine algue,10,,0.0,,/aspirateur-piscine (hub désambiguïsation)
aspirateur piscine algues,10,,0.0,,/aspirateur-piscine (hub désambiguïsation)
aspirateur piscine aquaway,10,,0.0,,/aspirateur-piscine (hub désambiguïsation)
aspirateur piscine auchan,10,,0.0,,/aspirateur-piscine (hub désambiguïsation)
aspirateur piscine avec fil,10,,0.0,,/aspirateur-piscine (hub désambiguïsation)
aspirateur piscine avec filet,10,,0.0,,/aspirateur-piscine (hub désambiguïsation)
aspirateur piscine boreal,10,,0.0,,/aspirateur-piscine (hub désambiguïsation)
aspirateur piscine centrakor,10,,0.0,,/aspirateur-piscine (hub désambiguïsation)
aspirateur piscine cora,10,,0.0,,/aspirateur-piscine (hub désambiguïsation)
aspirateur piscine dema,10,,0.0,,/aspirateur-piscine (hub désambiguïsation)
aspirateur piscine desjoyaux,10,,0.0,,/aspirateur-piscine (hub désambiguïsation)
aspirateur piscine dexton,10,,0.0,,/aspirateur-piscine (hub désambiguïsation)
aspirateur piscine diy,10,,0.0,,/aspirateur-piscine (hub désambiguïsation)
aspirateur piscine dreamland,10,,0.0,,/aspirateur-piscine (hub désambiguïsation)
aspirateur piscine efficace,10,,0.0,,/aspirateur-piscine (hub désambiguïsation)
aspirateur piscine electro depot,10,,0.26,,/aspirateur-piscine (hub désambiguïsation)
aspirateur piscine et spa,10,,0.0,,/aspirateur-piscine (hub désambiguïsation)
aspirateur piscine externe,10,,0.0,,/aspirateur-piscine (hub désambiguïsation)
aspirateur piscine extra,10,,0.0,,/aspirateur-piscine (hub désambiguïsation)
aspirateur piscine fait maison,10,,0.0,,/aspirateur-piscine (hub désambiguïsation)
aspirateur piscine filaire,10,,0.0,,/aspirateur-piscine (hub désambiguïsation)
aspirateur piscine gre,10,,0.0,,/aspirateur-piscine (hub désambiguïsation)
aspirateur piscine jacuzzi,10,,0.0,,/aspirateur-piscine (hub désambiguïsation)
aspirateur piscine karcher,10,,0.0,,/aspirateur-piscine (hub désambiguïsation)
aspirateur piscine leclerc,10,,0.0,,/aspirateur-piscine (hub désambiguïsation)
aspirateur piscine main,10,,0.0,,/aspirateur-piscine (hub désambiguïsation)
aspirateur piscine makita,10,,0.0,,/aspirateur-piscine (hub désambiguïsation)
aspirateur piscine mamba,10,,0.0,,/aspirateur-piscine (hub désambiguïsation)
aspirateur piscine microparticules,10,,0.0,,/aspirateur-piscine (hub désambiguïsation)
aspirateur piscine parkside,10,,0.0,,/aspirateur-piscine (hub désambiguïsation)
aspirateur piscine particule fine,10,,0.0,,/aspirateur-piscine (hub désambiguïsation)
aspirateur piscine petite particule,10,,0.0,,/aspirateur-piscine (hub désambiguïsation)
aspirateur piscine pompe,10,,0.0,,/aspirateur-piscine (hub désambiguïsation)
aspirateur piscine pompe a sable,10,,0.0,,/aspirateur-piscine (hub désambiguïsation)
aspirateur piscine pool blaster,10,,0.0,,/aspirateur-piscine (hub désambiguïsation)
aspirateur piscine portable,10,,0.0,,/aspirateur-piscine (hub désambiguïsation)
aspirateur piscine pour algues,10,,0.0,,/aspirateur-piscine (hub désambiguïsation)
aspirateur piscine pour particules fines,10,,0.0,,/aspirateur-piscine (hub désambiguïsation)
aspirateur piscine pour sable,10,,0.0,,/aspirateur-piscine (hub désambiguïsation)
aspirateur piscine pour sable fin,10,,0.0,,/aspirateur-piscine (hub désambiguïsation)
aspirateur piscine poussiere fine,10,,0.0,,/aspirateur-piscine (hub désambiguïsation)
aspirateur piscine qui se branche sur la pompe,10,,0.0,,/aspirateur-piscine (hub désambiguïsation)
aspirateur piscine ryobi,10,,0.32,,/aspirateur-piscine (hub désambiguïsation)
aspirateur piscine sable,10,,0.0,,/aspirateur-piscine (hub désambiguïsation)
aspirateur piscine sable fin,10,,0.0,,/aspirateur-piscine (hub désambiguïsation)
aspirateur piscine skooba,10,,0.0,,/aspirateur-piscine (hub désambiguïsation)
aspirateur piscine sol,10,,0.0,,/aspirateur-piscine (hub désambiguïsation)
aspirateur piscine spa,10,,0.0,,/aspirateur-piscine (hub désambiguïsation)
aspirateur piscine sur pompe,10,,0.29,,/aspirateur-piscine (hub désambiguïsation)
aspirateur piscine sur pompe a sable,10,,0.0,,/aspirateur-piscine (hub désambiguïsation)
aspirateur piscine telsa,10,,0.0,,/aspirateur-piscine (hub désambiguïsation)
aspirateur piscine telsa 05,10,,0.0,,/aspirateur-piscine (hub désambiguïsation)
aspirateur piscine telsa 30,10,,0.0,,/aspirateur-piscine (hub désambiguïsation)
aspirateur piscine telsa 50,10,,0.0,,/aspirateur-piscine (hub désambiguïsation)
aspirateur piscine temu,10,,0.0,,/aspirateur-piscine (hub désambiguïsation)
aspirateur piscine triangulaire,10,,0.0,,/aspirateur-piscine (hub désambiguïsation)
aspirateur piscine tuto,10,,0.0,,/aspirateur-piscine (hub désambiguïsation)
aspirateur piscine utilisation,10,,0.0,,/aspirateur-piscine (hub désambiguïsation)
aspirateur piscine vektro,10,,0.0,,/aspirateur-piscine (hub désambiguïsation)
aspirateur piscine vektro pro,10,,0.0,,/aspirateur-piscine (hub désambiguïsation)
aspirateur piscine vektro xl,10,,0.0,,/aspirateur-piscine (hub désambiguïsation)
aspirateur piscine video,10,,0.0,,/aspirateur-piscine (hub désambiguïsation)
aspirateur piscine viper,10,,0.0,,/aspirateur-piscine (hub désambiguïsation)
aspirateur piscine voltera,10,,0.0,,/aspirateur-piscine (hub désambiguïsation)
aspirateur piscine zr100,10,,0.0,,/aspirateur-piscine (hub désambiguïsation)
aspirateur piscine zr200,10,,0.0,,/aspirateur-piscine (hub désambiguïsation)
aspirateur piscine zx50,10,,0.0,,/aspirateur-piscine (hub désambiguïsation)
aspirateur piscine électrique,10,,0.24,,/aspirateur-piscine (hub désambiguïsation)
aspirateur piscine électrique puissant,10,,0.0,,/aspirateur-piscine (hub désambiguïsation)
aspirateur pour algues piscine,10,,0.0,,/aspirateur-piscine (hub désambiguïsation)
aspirateur pour la piscine,10,,0.0,,/aspirateur-piscine (hub désambiguïsation)
aspirateur pour vider piscine,10,,0.0,,/aspirateur-piscine (hub désambiguïsation)
aspirateur poussiere piscine,10,,0.0,,/aspirateur-piscine (hub désambiguïsation)
aspirateur ryobi piscine,10,,0.0,,/aspirateur-piscine (hub désambiguïsation)
aspirateur saleté piscine,10,,0.0,,/aspirateur-piscine (hub désambiguïsation)
aspirateur sol piscine,10,,0.0,,/aspirateur-piscine (hub désambiguïsation)
aspirateur spa et piscine,10,,0.0,,/aspirateur-piscine (hub désambiguïsation)
aspirateur spa piscine,10,,0.0,,/aspirateur-piscine (hub désambiguïsation)
aspirateur sur pompe piscine,10,,0.0,,/aspirateur-piscine (hub désambiguïsation)
aspirateur triangulaire piscine,10,,0.0,,/aspirateur-piscine (hub désambiguïsation)
aspirateur ventouse piscine,10,,0.0,,/aspirateur-piscine (hub désambiguïsation)
aspirateur à eau pour piscine,10,,0.32,,/aspirateur-piscine (hub désambiguïsation)
aspirateur électrique de piscine,10,,0.48,,/aspirateur-piscine (hub désambiguïsation)
aspirateurs de piscine aspirateur,10,,0.0,,/aspirateur-piscine (hub désambiguïsation)
aspirateurs pour piscine,10,,0.0,,/aspirateur-piscine (hub désambiguïsation)
aspirateurs pour piscines,10,,0.0,,/aspirateur-piscine (hub désambiguïsation)
aspiration algues piscine,10,,0.0,,/aspirateur-piscine (hub désambiguïsation)
aspiration piscine,10,,0.42,,/aspirateur-piscine (hub désambiguïsation)
aspiration piscine en haut ou en bas,10,,0.0,,/aspirateur-piscine (hub désambiguïsation)
aspiration piscine haut ou bas,10,,0.0,,/aspirateur-piscine (hub désambiguïsation)
aspiration pompe piscine,10,,0.0,,/aspirateur-piscine (hub désambiguïsation)
aspiration pompe piscine en haut ou en bas,10,,0.0,,/aspirateur-piscine (hub désambiguïsation)
aspirer eau piscine,10,,0.21,,/aspirateur-piscine (hub désambiguïsation)
aspirer la piscine,10,,0.0,,/aspirateur-piscine (hub désambiguïsation)
aspirer piscine avec pompe,10,,0.0,,/aspirateur-piscine (hub désambiguïsation)
aspirer piscine avec pompe a sable,10,,0.0,,/aspirateur-piscine (hub désambiguïsation)
aspirer poussiere piscine,10,,0.0,,/aspirateur-piscine (hub désambiguïsation)
aspirer sa piscine,10,,0.0,,/aspirateur-piscine (hub désambiguïsation)
aspirer salete piscine,10,,0.0,,/aspirateur-piscine (hub désambiguïsation)
aspirer une piscine,10,,0.0,,/aspirateur-piscine (hub désambiguïsation)
auchan aspirateur piscine,10,,0.0,,/aspirateur-piscine (hub désambiguïsation)
barracuda aspirateur piscine,10,,0.0,,/aspirateur-piscine (hub désambiguïsation)
bouche aspiration piscine,10,,0.0,,/aspirateur-piscine (hub désambiguïsation)
bouchon aspiration piscine,10,,0.0,,/aspirateur-piscine (hub désambiguïsation)
buse d'aspiration piscine,10,,0.0,,/aspirateur-piscine (hub désambiguïsation)
cash piscine aspirateur piscine,10,,0.0,,/aspirateur-piscine (hub désambiguïsation)
cash piscine aspirateur spa,10,,0.0,,/aspirateur-piscine (hub désambiguïsation)
cash piscine aspirateur yzaki,10,,0.0,,/aspirateur-piscine (hub désambiguïsation)
cash piscines aspirateur,10,,0.0,,/aspirateur-piscine (hub désambiguïsation)
chargeur aspirateur piscine,10,,0.0,,/aspirateur-piscine (hub désambiguïsation)
chargeur aspirateur piscine yzaki,10,,0.0,,/aspirateur-piscine (hub désambiguïsation)
chargeur pour aspirateur piscine,10,,0.0,,/aspirateur-piscine (hub désambiguïsation)
combien coûte un aspirateur de piscine,10,,0.0,,/aspirateur-piscine (hub désambiguïsation)
crepine aspiration piscine,10,,0.0,,/aspirateur-piscine (hub désambiguïsation)
dema aspirateur piscine,10,,0.0,,/aspirateur-piscine (hub désambiguïsation)
diy aspirateur piscine,10,,0.0,,/aspirateur-piscine (hub désambiguïsation)
electro depot aspirateur piscine,10,,0.0,,/aspirateur-piscine (hub désambiguïsation)
fabriquer un aspirateur de piscine,10,,0.0,,/aspirateur-piscine (hub désambiguïsation)
faire un aspirateur pour piscine,10,,0.0,,/aspirateur-piscine (hub désambiguïsation)
filet aspirateur piscine,10,,0.0,,/aspirateur-piscine (hub désambiguïsation)
filet pour aspirateur piscine,10,,0.0,,/aspirateur-piscine (hub désambiguïsation)
gre aspirateur piscine,10,,0.0,,/aspirateur-piscine (hub désambiguïsation)
grille aspiration piscine,10,,0.0,,/aspirateur-piscine (hub désambiguïsation)
kit aspirateur piscine,10,,0.0,,/aspirateur-piscine (hub désambiguïsation)
lavor swimmy aspirateur pour piscines,10,,0.0,,/aspirateur-piscine (hub désambiguïsation)
leclerc aspirateur piscine,10,,0.0,,/aspirateur-piscine (hub désambiguïsation)
ma pompe piscine aspire mal,10,,0.0,,/aspirateur-piscine (hub désambiguïsation)
manche aspirateur piscine,10,,0.0,,/aspirateur-piscine (hub désambiguïsation)
manche pour aspirateur piscine,10,,0.0,,/aspirateur-piscine (hub désambiguïsation)
mini aspirateur de piscine,10,,0.0,,/aspirateur-piscine (hub désambiguïsation)
mini aspirateur pour piscine,10,,0.0,,/aspirateur-piscine (hub désambiguïsation)
montage aspirateur piscine,10,,0.0,,/aspirateur-piscine (hub désambiguïsation)
nettoyage piscine aspirateur,10,,0.0,,/aspirateur-piscine (hub désambiguïsation)
perche aspirateur piscine,10,,0.0,,/aspirateur-piscine (hub désambiguïsation)
petit aspirateur de piscine,10,,0.21,,/aspirateur-piscine (hub désambiguïsation)
petit aspirateur pour piscine,10,,0.28,,/aspirateur-piscine (hub désambiguïsation)
pompe aspiration eau piscine,10,,0.0,,/aspirateur-piscine (hub désambiguïsation)
pompe piscine aspiration en haut ou en bas,10,,0.0,,/aspirateur-piscine (hub désambiguïsation)
pompe piscine aspiration faible,10,,0.0,,/aspirateur-piscine (hub désambiguïsation)
pompe piscine aspiration refoulement,10,,0.0,,/aspirateur-piscine (hub désambiguïsation)
pompe piscine n'aspire plus,10,,0.0,,/aspirateur-piscine (hub désambiguïsation)
pompe piscine sans aspiration,10,,0.0,,/aspirateur-piscine (hub désambiguïsation)
pompe pour aspirer eau piscine,10,,0.0,,/aspirateur-piscine (hub désambiguïsation)
position vanne 6 voies pour aspirer piscine,10,,0.0,,/aspirateur-piscine (hub désambiguïsation)
pourquoi ma pompe de piscine n'aspire pas l'eau,10,,0.0,,/aspirateur-piscine (hub désambiguïsation)
quelle position vanne pour aspirateur piscine,10,,0.0,,/aspirateur-piscine (hub désambiguïsation)
raccord aspirateur piscine,10,,0.0,,/aspirateur-piscine (hub désambiguïsation)
raccord pour aspirateur piscine,10,,0.0,,/aspirateur-piscine (hub désambiguïsation)
raccordement aspirateur piscine,10,,0.0,,/aspirateur-piscine (hub désambiguïsation)
schéma aspiration piscine,10,,0.0,,/aspirateur-piscine (hub désambiguïsation)
splash aspirateur de piscine triangulaire,10,,0.0,,/aspirateur-piscine (hub désambiguïsation)
splash aspirateur piscine,10,,0.0,,/aspirateur-piscine (hub désambiguïsation)
splash aspirateur piscine et spa,10,,0.0,,/aspirateur-piscine (hub désambiguïsation)
sur quelle position mettre la pompe pour aspirer une piscine,10,,0.0,,/aspirateur-piscine (hub désambiguïsation)
systeme aspiration piscine,10,,0.0,,/aspirateur-piscine (hub désambiguïsation)
telsa aspirateur piscine,10,,0.0,,/aspirateur-piscine (hub désambiguïsation)
temu aspirateur piscine,10,,0.0,,/aspirateur-piscine (hub désambiguïsation)
tete d'aspirateur piscine,10,,0.0,,/aspirateur-piscine (hub désambiguïsation)
tillvex aspirateur piscine,10,,0.0,,/aspirateur-piscine (hub désambiguïsation)
tube aspirateur piscine,10,,0.0,,/aspirateur-piscine (hub désambiguïsation)
tuto aspirateur piscine,10,,0.0,,/aspirateur-piscine (hub désambiguïsation)
utilisation aspirateur piscine,10,,0.0,,/aspirateur-piscine (hub désambiguïsation)
v trap aspirateur piscine,10,,0.0,,/aspirateur-piscine (hub désambiguïsation)
vanne aspiration piscine,10,,0.0,,/aspirateur-piscine (hub désambiguïsation)
vektro aspirateur piscine,10,,0.0,,/aspirateur-piscine (hub désambiguïsation)
yzaki piscine aspirateur,10,,0.0,,/aspirateur-piscine (hub désambiguïsation)
aspirateur piscine intex zr100,20,,0.0,,/avis/[modele]
robot de piscine sans fil wybot c2,20,,0.0,,/avis/[modele]
robot piscine sans fil zodiac rf 5400 iq,20,,0.0,,/avis/[modele]
notice robot piscine zodiac rc 4400,20,,0.0,,/avis/[modele]
robot piscine aiper scuba s1,20,,0.72,,/avis/[modele]
robot piscine beatbot aquasense 2,20,,4.07,,/avis/[modele]
robot piscine bwt p500,20,,0.0,,/avis/[modele]
robot piscine bwt p500 avis,20,,0.0,,/avis/[modele]
robot piscine dolphin e20,20,,0.34,,/avis/[modele]
robot piscine dolphin liberty 400,20,,0.0,,/avis/[modele]
robot piscine dolphin m400,20,,0.0,,/avis/[modele]
robot piscine dolphin poolstyle 40i,20,,0.0,,/avis/[modele]
robot piscine dolphin s200,20,,0.44,,/avis/[modele]
robot piscine dolphin s300,20,,0.65,,/avis/[modele]
robot piscine dolphin z1b,20,,0.0,,/avis/[modele]
robot piscine dolphin z3i,20,,0.0,,/avis/[modele]
robot piscine dreame z1,20,,1.03,,/avis/[modele]
robot piscine dreame z1 pro,20,,0.0,,/avis/[modele]
robot piscine intex zx300,20,,0.26,,/avis/[modele]
robot piscine intex zx300 avis,20,,0.0,,/avis/[modele]
robot piscine intex zx300 prix,20,,0.0,,/avis/[modele]
robot piscine polaris 280,20,,0.0,,/avis/[modele]
robot piscine zodiac mx10,20,,0.0,,/avis/[modele]
robot piscine zodiac mx8,20,,0.45,,/avis/[modele]
robot piscine zodiac vortex 4 4wd prix,20,,0.0,,/avis/[modele]
aspirateur de piscine intex zr100,10,,0.0,,/avis/[modele]
aspirateur de piscine portatif aiper pilot x1,10,,0.0,,/avis/[modele]
aspirateur piscine intex zr100 avis,10,,0.0,,/avis/[modele]
aspirateur piscine intex zr200,10,,0.42,,/avis/[modele]
aspirateur piscine intex zx300,10,,0.42,,/avis/[modele]
aspirateur piscine intex zx300 avis,10,,0.0,,/avis/[modele]
aspirateur piscine kokido telsa 30,10,,0.0,,/avis/[modele]
aspirateur piscine kokido telsa 50,10,,0.0,,/avis/[modele]
robot aspirateur piscine intex zx300,10,,0.0,,/avis/[modele]
wybot a1 robot aspirateur de piscine sans fil noir,10,,0.0,,/avis/[modele]
aiper scuba x1 robot nettoyeur de piscine,10,,0.0,,/avis/[modele]
nettoyeur de piscine robotique sans fil aiper scuba s1 pro,10,,0.0,,/avis/[modele]
robot nettoyeur de piscine beatbot aquasense 2,10,,1.97,,/avis/[modele]
wybot a1 robot nettoyeur de piscine sans fil,10,,0.0,,/avis/[modele]
wybot f1 nettoyeur robot solaire de piscine,10,,0.0,,/avis/[modele]
beatbot aquasense 2 pro robot piscine sans fil,10,,0.0,,/avis/[modele]
robot piscine sans fil aiper scuba s1,10,,1.0,,/avis/[modele]
robot piscine sans fil aiper scuba s1 pro,10,,0.0,,/avis/[modele]
robot piscine sans fil dolphin liberty 200,10,,0.0,,/avis/[modele]
robot piscine sans fil dolphin liberty 300,10,,0.0,,/avis/[modele]
robot piscine sans fil dolphin liberty 400,10,,2.52,,/avis/[modele]
robot piscine sans fil dolphin liberty 400 avis,10,,0.0,,/avis/[modele]
robot piscine sans fil dolphin liberty 600,10,,0.52,,/avis/[modele]
robot piscine sans fil wybot c1,10,,0.0,,/avis/[modele]
robot piscine sans fil wybot c1 pro,10,,0.0,,/avis/[modele]
robot piscine sans fil wybot c2,10,,1.47,,/avis/[modele]
robot piscine sans fil wybot c2 vision,10,,1.21,,/avis/[modele]
robot piscine sans fil wybot s2,10,,0.81,,/avis/[modele]
robot piscine sans fil zodiac rf 5200 iq,10,,0.0,,/avis/[modele]
wybot c2 robot piscine sans fil,10,,1.04,,/avis/[modele]
wybot robot piscine sans fil wybot s2,10,,0.0,,/avis/[modele]
aiper scuba s1 pro robot piscine,10,,0.0,,/avis/[modele]
aiper scuba s1 robot piscine,10,,0.0,,/avis/[modele]
avis robot piscine aiper scuba s1,10,,0.0,,/avis/[modele]
avis robot piscine wybot c2,10,,0.0,,/avis/[modele]
polaris 280 robot piscine,10,,0.0,,/avis/[modele]
robot de piscine bestway aquatronix g100,10,,0.0,,/avis/[modele]
robot de piscine dolphin liberty 300,10,,0.0,,/avis/[modele]
robot de piscine dolphin m600,10,,0.0,,/avis/[modele]
robot de piscine dolphin s200,10,,0.0,,/avis/[modele]
robot de piscine dolphin s300,10,,0.0,,/avis/[modele]
robot piscine aiper s1 pro,10,,0.0,,/avis/[modele]
robot piscine aiper scuba s1 2025,10,,0.0,,/avis/[modele]
robot piscine aiper scuba s1 lidl,10,,0.0,,/avis/[modele]
robot piscine aiper scuba s1 pro,10,,0.0,,/avis/[modele]
robot piscine aiper scuba s1 pro avis,10,,0.0,,/avis/[modele]
robot piscine aiper scuba x1,10,,0.0,,/avis/[modele]
robot piscine aiper x1,10,,0.0,,/avis/[modele]
robot piscine beatbot aquasense 2 pro,10,,0.0,,/avis/[modele]
robot piscine bwt f1 sonic pro,10,,0.0,,/avis/[modele]
robot piscine bwt f1rx,10,,0.0,,/avis/[modele]
robot piscine bwt p500 prix,10,,0.0,,/avis/[modele]
robot piscine bwt p600,10,,0.0,,/avis/[modele]
robot piscine bwt p600 avis,10,,0.0,,/avis/[modele]
robot piscine dolphin e10,10,,0.0,,/avis/[modele]
robot piscine dolphin e25,10,,0.0,,/avis/[modele]
robot piscine dolphin e30,10,,0.0,,/avis/[modele]
robot piscine dolphin e35,10,,0.0,,/avis/[modele]
robot piscine dolphin liberty 300,10,,0.72,,/avis/[modele]
robot piscine dolphin m600,10,,0.0,,/avis/[modele]
robot piscine dolphin s100,10,,0.0,,/avis/[modele]
robot piscine dolphin s300i,10,,0.7,,/avis/[modele]
robot piscine dolphin s400,10,,0.0,,/avis/[modele]
robot piscine dolphin t15,10,,0.0,,/avis/[modele]
robot piscine dolphin t35,10,,0.42,,/avis/[modele]
robot piscine dolphin zenit 10,10,,0.0,,/avis/[modele]
robot piscine dolphin zenit 15,10,,0.0,,/avis/[modele]
robot piscine dolphin zenit 20,10,,0.0,,/avis/[modele]
robot piscine et spa aiper pilot v2,10,,0.0,,/avis/[modele]
robot piscine hayward aquanaut 250,10,,0.0,,/avis/[modele]
robot piscine hayward aquavac 300,10,,0.0,,/avis/[modele]
robot piscine hayward aquavac 600,10,,0.0,,/avis/[modele]
robot piscine hydraulique zodiac t5 duo,10,,0.0,,/avis/[modele]
robot piscine intex 28001,10,,0.0,,/avis/[modele]
robot piscine intex zx 50,10,,0.0,,/avis/[modele]
robot piscine intex zx100,10,,0.0,,/avis/[modele]
robot piscine intex zx200,10,,0.0,,/avis/[modele]
robot piscine intex zx300 amazon,10,,0.0,,/avis/[modele]
robot piscine intex zx300 carrefour,10,,0.0,,/avis/[modele]
robot piscine intex zx300 fonctionnement,10,,0.0,,/avis/[modele]
robot piscine intex zx300 notice,10,,0.0,,/avis/[modele]
robot piscine mammotion spino e1,10,,0.85,,/avis/[modele]
robot piscine polaris 380,10,,0.0,,/avis/[modele]
robot piscine wybot a1,10,,0.84,,/avis/[modele]
robot piscine wybot a1 avis,10,,0.0,,/avis/[modele]
robot piscine wybot c1,10,,2.51,,/avis/[modele]
robot piscine wybot c2,10,,0.84,,/avis/[modele]
robot piscine wybot c2 avis,10,,0.0,,/avis/[modele]
robot piscine wybot c2 vision,10,,0.9,,/avis/[modele]
robot piscine wybot osprey 200,10,,0.0,,/avis/[modele]
robot piscine wybot s2,10,,0.0,,/avis/[modele]
robot piscine wybot s2 avis,10,,0.0,,/avis/[modele]
robot piscine zodiac 4wd,10,,0.0,,/avis/[modele]
robot piscine zodiac 4wd notice,10,,0.0,,/avis/[modele]
robot piscine zodiac cnx 10,10,,0.0,,/avis/[modele]
robot piscine zodiac cnx 30 iq,10,,0.0,,/avis/[modele]
robot piscine zodiac cnx 40 iq,10,,0.5,,/avis/[modele]
robot piscine zodiac em1101,10,,0.0,,/avis/[modele]
robot piscine zodiac ep3101,10,,0.0,,/avis/[modele]
robot piscine zodiac mx6,10,,0.0,,/avis/[modele]
robot piscine zodiac mx9,10,,0.0,,/avis/[modele]
robot piscine zodiac op 32,10,,0.0,,/avis/[modele]
robot piscine zodiac ra 6500 iq,10,,0.0,,/avis/[modele]
robot piscine zodiac ra 6700 iq prix,10,,0.0,,/avis/[modele]
robot piscine zodiac rc 4400,10,,0.0,,/avis/[modele]
robot piscine zodiac re 4400 iq,10,,0.0,,/avis/[modele]
robot piscine zodiac rf 5200 iq,10,,0.0,,/avis/[modele]
robot piscine zodiac rt3200,10,,0.0,,/avis/[modele]
robot piscine zodiac vortex 3,10,,0.0,,/avis/[modele]
robot piscine zodiac vortex 4wd,10,,0.0,,/avis/[modele]
robot piscine zodiac vortex 4wd ov 5200,10,,0.0,,/avis/[modele]
robot piscine zodiac xa 2030,10,,0.0,,/avis/[modele]
wybot a1 robot piscine,10,,0.0,,/avis/[modele]
wybot a1 robot piscine avis,10,,0.0,,/avis/[modele]
wybot c2 robot piscine,10,,0.0,,/avis/[modele]
wybot s2 robot piscine,10,,0.0,,/avis/[modele]
aspirateur liner piscine,20,,0.0,,/comparatif/enterree
aspirateur piscine enterrée,20,,0.36,,/comparatif/enterree
meilleur robot piscine coque,20,,0.0,,/comparatif/enterree
robot piscine coque,20,,0.7,,/comparatif/enterree
robot piscine creusée,20,,0.0,,/comparatif/enterree
robot piscine liner,20,,1.05,,/comparatif/enterree
robot piscine pour liner,20,,1.05,,/comparatif/enterree
robot pour piscine coque,20,,0.7,,/comparatif/enterree
robot pour piscine creusée,20,,0.6,,/comparatif/enterree
robot pour piscine liner,20,,0.0,,/comparatif/enterree
aspirateur de piscine creusée,10,,0.0,,/comparatif/enterree
aspirateur piscine creusée,10,,0.0,,/comparatif/enterree
aspirateur pour liner piscine,10,,0.0,,/comparatif/enterree
aspirateur pour piscine enterrée,10,,0.36,,/comparatif/enterree
aspirateur robot pour piscine creusée,10,,0.0,,/comparatif/enterree
meilleur aspirateur piscine enterrée,10,,0.0,,/comparatif/enterree
meilleur robot piscine enterrée,10,,0.0,,/comparatif/enterree
robot piscine enterrée,10,,0.49,,/comparatif/enterree
robot pour piscine enterrée,10,,0.49,,/comparatif/enterree
meilleur robot piscine creusée,10,,0.0,,/comparatif/enterree
meilleur robot piscine liner,10,,1.47,,/comparatif/enterree
meilleur robot pour piscine coque,10,,0.0,,/comparatif/enterree
meilleur robot pour piscine liner,10,,1.47,,/comparatif/enterree
quel robot piscine choisir pour coque,10,,0.0,,/comparatif/enterree
robot piscine abîmé liner,10,,0.0,,/comparatif/enterree
robot piscine coque avec marche,10,,0.0,,/comparatif/enterree
robot piscine coque polyester,10,,0.0,,/comparatif/enterree
robot piscine enterree,10,,0.0,,/comparatif/enterree
robot piscine fond et parois liner,10,,0.0,,/comparatif/enterree
robot piscine pour coque,10,,0.7,,/comparatif/enterree
aspirateur piscine comment ça marche,30,,0.0,,/comparatif/escalier
robot piscine escalier,20,,0.0,,/comparatif/escalier
robot piscine pour escalier,20,,0.0,,/comparatif/escalier
aspirateur marche piscine,10,,0.0,,/comparatif/escalier
aspirateur piscine comment ca marche,10,,0.0,,/comparatif/escalier
robot piscine qui nettoie les marches,10,,0.0,,/comparatif/escalier
robot piscine fond et parois,40,,0.59,,/comparatif/fond-parois-ligne-eau
aspirateur piscine fond et parois,20,,0.0,,/comparatif/fond-parois-ligne-eau
robot aspirateur piscine fond et parois,20,,0.45,,/comparatif/fond-parois-ligne-eau
meilleur robot piscine fond et parois,20,,0.47,,/comparatif/fond-parois-ligne-eau
robot piscine hydraulique fond et paroi,20,,0.0,,/comparatif/fond-parois-ligne-eau
robot piscine qui monte sur les parois,20,,0.0,,/comparatif/fond-parois-ligne-eau
aspirateur piscine sol et parois,10,,0.0,,/comparatif/fond-parois-ligne-eau
meilleur robot piscine fond parois et ligne d'eau,10,,0.0,,/comparatif/fond-parois-ligne-eau
robot de piscine fond et parois,10,,0.0,,/comparatif/fond-parois-ligne-eau
robot petite piscine fond et parois,10,,0.0,,/comparatif/fond-parois-ligne-eau
robot piscine fond et parois pas cher,10,,0.0,,/comparatif/fond-parois-ligne-eau
robot piscine fond et parois promo,10,,0.0,,/comparatif/fond-parois-ligne-eau
robot piscine fond parois et ligne d'eau,10,,0.0,,/comparatif/fond-parois-ligne-eau
robot piscine ligne d'eau,10,,0.0,,/comparatif/fond-parois-ligne-eau
robot piscine nettoyage fond et parois,10,,0.0,,/comparatif/fond-parois-ligne-eau
robot piscine nettoyage parois,10,,0.0,,/comparatif/fond-parois-ligne-eau
robot piscine paroi et fond,10,,0.0,,/comparatif/fond-parois-ligne-eau
robot piscine qui nettoie les parois,10,,0.0,,/comparatif/fond-parois-ligne-eau
robot piscine sol et parois,10,,0.52,,/comparatif/fond-parois-ligne-eau
aspirateur de fond piscine,70,,0.32,,/comparatif/fond-seul
aspirateur de fond pour piscine,50,,0.32,,/comparatif/fond-seul
piscine aspirateur de fond,50,,0.32,,/comparatif/fond-seul
aspirateur fond de piscine,40,,0.39,,/comparatif/fond-seul
aspirateur de fond de piscine,30,,0.32,,/comparatif/fond-seul
aspirateur fond piscine,30,,0.33,,/comparatif/fond-seul
aspirateur pour fond de piscine,20,,0.32,,/comparatif/fond-seul
aspiration fond piscine,20,,0.0,,/comparatif/fond-seul
aspirer fond piscine,20,,0.33,,/comparatif/fond-seul
pompe aspiration fond de piscine,20,,0.0,,/comparatif/fond-seul
aspirateur algue fond piscine,10,,0.0,,/comparatif/fond-seul
aspirateur de fond piscine electrique,10,,0.0,,/comparatif/fond-seul
aspirateur eau fond de piscine,10,,0.0,,/comparatif/fond-seul
aspirateur piscine fond,10,,0.49,,/comparatif/fond-seul
aspiration fond de piscine,10,,0.39,,/comparatif/fond-seul
aspiration piscine bonde de fond,10,,0.0,,/comparatif/fond-seul
aspirer algues fond piscine,10,,0.0,,/comparatif/fond-seul
aspirer depot fond piscine,10,,0.0,,/comparatif/fond-seul
aspirer eau fond de piscine,10,,0.0,,/comparatif/fond-seul
aspirer floculant fond piscine,10,,0.0,,/comparatif/fond-seul
aspirer fond de piscine,10,,0.39,,/comparatif/fond-seul
aspirer fond piscine avec pompe,10,,0.0,,/comparatif/fond-seul
aspirer fond vert piscine,10,,0.0,,/comparatif/fond-seul
aspirer le fond de la piscine,10,,0.0,,/comparatif/fond-seul
aspirer le fond de sa piscine,10,,0.0,,/comparatif/fond-seul
position vanne 6 voies pour aspirer fond piscine,10,,0.0,,/comparatif/fond-seul
robot nettoyeur fond de piscine,10,,0.0,,/comparatif/fond-seul
limpiafondos robot piscina,10,,0.0,,/comparatif/fond-seul
robot de fond piscine,10,,0.0,,/comparatif/fond-seul
robot fond de piscine,10,,0.0,,/comparatif/fond-seul
robot fond piscine,10,,0.0,,/comparatif/fond-seul
robot limpiafondos piscina,10,,0.0,,/comparatif/fond-seul
robot limpiafondos piscinas,10,,0.0,,/comparatif/fond-seul
robot piscine fond,10,,0.0,,/comparatif/fond-seul
robots limpiafondos piscina,10,,0.0,,/comparatif/fond-seul
aspirateur grande piscine,10,,0.0,,/comparatif/grande-piscine
robot grande piscine,10,,0.0,,/comparatif/grande-piscine
robot pour grande piscine,10,,0.0,,/comparatif/grande-piscine
robot piscine 10m2,10,,0.0,,/comparatif/grande-piscine
aspirateur piscine hors sol,90,,0.35,,/comparatif/hors-sol
aspirateur pour piscine hors sol,70,,0.35,,/comparatif/hors-sol
robot piscine hors sol,50,,0.44,,/comparatif/hors-sol
robot pour piscine hors sol,50,,0.44,,/comparatif/hors-sol
aspirateurs piscine hors sol,30,,0.35,,/comparatif/hors-sol
aspiration piscine hors sol,30,,0.35,,/comparatif/hors-sol
aspirateur de piscine hors sol,20,,0.44,,/comparatif/hors-sol
aspirateur piscine hors sol yzaki,20,,0.0,,/comparatif/hors-sol
aspirateur piscine tubulaire,20,,0.22,,/comparatif/hors-sol
aspirateur piscines hors sol,20,,0.0,,/comparatif/hors-sol
aspirateur pour piscine tubulaire,20,,0.22,,/comparatif/hors-sol
aspirateur robot piscine hors sol,20,,0.47,,/comparatif/hors-sol
aspirateur robot pour piscine hors sol,20,,0.47,,/comparatif/hors-sol
aspirer piscine hors sol,20,,0.35,,/comparatif/hors-sol
piscine hors sol aspirateur,20,,0.35,,/comparatif/hors-sol
robot aspirateur piscine hors sol,20,,0.47,,/comparatif/hors-sol
meilleurs robot piscine hors sol,20,,0.0,,/comparatif/hors-sol
robot de piscine hors sol,20,,0.0,,/comparatif/hors-sol
robot piscine hors sol fond et parois,20,,0.42,,/comparatif/hors-sol
robot piscine tubulaire,20,,0.42,,/comparatif/hors-sol
robot pour piscine tubulaire,20,,0.42,,/comparatif/hors-sol
aspirateur algue piscine hors sol,10,,0.0,,/comparatif/hors-sol
aspirateur de fond de piscine hors sol,10,,0.0,,/comparatif/hors-sol
aspirateur de fond piscine hors sol,10,,0.0,,/comparatif/hors-sol
aspirateur de fond pour piscine hors sol,10,,0.0,,/comparatif/hors-sol
aspirateur eau piscine hors sol,10,,0.0,,/comparatif/hors-sol
aspirateur fond de piscine hors sol,10,,0.27,,/comparatif/hors-sol
aspirateur fond piscine hors sol,10,,0.0,,/comparatif/hors-sol
aspirateur manuel piscine hors sol,10,,0.0,,/comparatif/hors-sol
aspirateur manuel pour piscine hors sol,10,,0.0,,/comparatif/hors-sol
aspirateur nettoyage piscine hors sol,10,,0.0,,/comparatif/hors-sol
aspirateur piscine autoportante,10,,0.0,,/comparatif/hors-sol
aspirateur piscine gonflable,10,,0.0,,/comparatif/hors-sol
aspirateur piscine hors sol cash piscine,10,,0.0,,/comparatif/hors-sol
aspirateur piscine hors sol fond et parois,10,,0.0,,/comparatif/hors-sol
aspirateur piscine hors sol manuel,10,,0.0,,/comparatif/hors-sol
aspirateur piscine hors sol sans branchement,10,,0.0,,/comparatif/hors-sol
aspirateur piscine ronde hors sol,10,,0.0,,/comparatif/hors-sol
aspirateur pour petite piscine gonflable,10,,0.0,,/comparatif/hors-sol
aspirateur pour piscine autoportante,10,,0.0,,/comparatif/hors-sol
aspiration piscine hors sol haut ou bas,10,,0.0,,/comparatif/hors-sol
balai aspirateur piscine hors sol,10,,0.45,,/comparatif/hors-sol
balai aspirateur pour piscine hors sol,10,,0.45,,/comparatif/hors-sol
buse aspiration piscine hors sol,10,,0.0,,/comparatif/hors-sol
comment aspirer fond piscine hors sol,10,,0.0,,/comparatif/hors-sol
comment aspirer le fond d'une piscine hors sol,10,,0.0,,/comparatif/hors-sol
comment aspirer une piscine hors sol,10,,0.0,,/comparatif/hors-sol
comment aspirer une piscine hors sol sans prise balai,10,,0.0,,/comparatif/hors-sol
comment brancher un balai aspirateur de piscine hors sol,10,,0.0,,/comparatif/hors-sol
comment nettoyer piscine hors sol avec balai aspirateur,10,,0.0,,/comparatif/hors-sol
meilleur aspirateur de piscine hors sol,10,,0.0,,/comparatif/hors-sol
meilleur aspirateur piscine hors sol,10,,0.32,,/comparatif/hors-sol
meilleur aspirateur piscine tubulaire,10,,0.0,,/comparatif/hors-sol
meilleur aspirateur pour piscine hors sol,10,,0.0,,/comparatif/hors-sol
meilleur aspirateur robot piscine hors sol,10,,0.0,,/comparatif/hors-sol
nettoyer fond piscine hors sol sans aspirateur,10,,0.0,,/comparatif/hors-sol
petit aspirateur pour piscine hors sol,10,,0.0,,/comparatif/hors-sol
quel aspirateur pour piscine hors sol,10,,0.0,,/comparatif/hors-sol
quel est le meilleur aspirateur pour piscine hors sol,10,,0.0,,/comparatif/hors-sol
robot aspirateur piscine hors sol ronde,10,,0.0,,/comparatif/hors-sol
robot aspirateur pour piscine hors sol,10,,0.47,,/comparatif/hors-sol
robot nettoyeur de piscine hors sol,10,,0.0,,/comparatif/hors-sol
robot nettoyeur piscine hors sol,10,,0.35,,/comparatif/hors-sol
robot nettoyeur piscine tubulaire,10,,0.0,,/comparatif/hors-sol
robot nettoyeur pour piscine hors sol,10,,0.0,,/comparatif/hors-sol
avis robot piscine hors sol,10,,0.0,,/comparatif/hors-sol
comparatif robot piscine hors sol,10,,0.0,,/comparatif/hors-sol
meilleur robot piscine hors sol,10,,0.0,,/comparatif/hors-sol
meilleur robot piscine tubulaire,10,,0.0,,/comparatif/hors-sol
meilleur robot pour piscine hors sol,10,,0.0,,/comparatif/hors-sol
petit robot piscine hors sol,10,,0.0,,/comparatif/hors-sol
quel robot pour piscine hors sol,10,,0.0,,/comparatif/hors-sol
robot de fond pour piscine hors sol,10,,0.0,,/comparatif/hors-sol
robot de piscine pour piscine hors sol,10,,0.0,,/comparatif/hors-sol
robot electrique piscine hors sol,10,,0.0,,/comparatif/hors-sol
robot electrique pour piscine hors sol,10,,0.0,,/comparatif/hors-sol
robot petite piscine hors sol,10,,0.0,,/comparatif/hors-sol
robot piscine gonflable,10,,0.0,,/comparatif/hors-sol
robot piscine hors sol 10m3,10,,0.0,,/comparatif/hors-sol
robot piscine hors sol avec fil,10,,0.0,,/comparatif/hors-sol
robot piscine hors sol ronde,10,,0.0,,/comparatif/hors-sol
robot piscine hors sol tubulaire,10,,0.0,,/comparatif/hors-sol
robot piscine pour piscine hors sol,10,,0.0,,/comparatif/hors-sol
robot piscine ronde hors sol,10,,0.0,,/comparatif/hors-sol
robot piscine tubulaire fond et parois,10,,0.0,,/comparatif/hors-sol
robot pour petite piscine hors sol,10,,0.0,,/comparatif/hors-sol
robot pour piscine autoportante,10,,0.0,,/comparatif/hors-sol
robot pour piscine hors sol ronde,10,,0.0,,/comparatif/hors-sol
robot pour piscine ronde hors sol,10,,0.0,,/comparatif/hors-sol
aspirateur hydraulique pour piscine,20,,0.0,,/comparatif/hydraulique
robot hydraulique piscine,20,,0.55,,/comparatif/hydraulique
robot hydraulique pour piscine,20,,0.0,,/comparatif/hydraulique
robot piscine hydraulique,20,,0.55,,/comparatif/hydraulique
aspirateur hydraulique piscine,10,,0.0,,/comparatif/hydraulique
aspirateur piscine hydraulique,10,,0.0,,/comparatif/hydraulique
meilleur robot piscine hydraulique,10,,0.0,,/comparatif/hydraulique
robot de piscine hydraulique,10,,0.0,,/comparatif/hydraulique
robot piscine hydraulique ou electrique,10,,0.0,,/comparatif/hydraulique
robots piscine hydraulique,10,,0.55,,/comparatif/hydraulique
aspirateur de piscine reconditionnä,50,,0.0,,/comparatif/occasion
robot nettoyeur de piscine d'occasion,30,,0.0,,/comparatif/occasion
aspirateur de piscine d'occasion,20,,0.0,,/comparatif/occasion
robot de piscine occasion,20,,0.56,,/comparatif/occasion
robot piscine occasion,20,,0.49,,/comparatif/occasion
robot piscine occasion belgique,20,,0.17,,/comparatif/occasion
aspirateur de piscine occasion,10,,0.0,,/comparatif/occasion
aspirateur piscine occasion,10,,0.0,,/comparatif/occasion
le bon coin robot piscine occasion,10,,0.0,,/comparatif/occasion
occasion robot piscine,10,,0.33,,/comparatif/occasion
robot de piscine d'occasion,10,,0.0,,/comparatif/occasion
robot piscine d occasion,10,,0.0,,/comparatif/occasion
robot piscine occasion ebay,10,,0.0,,/comparatif/occasion
robot piscine occasion le bon coin,10,,0.0,,/comparatif/occasion
robot piscine occasion particulier,10,,0.0,,/comparatif/occasion
robot piscine reconditionné,10,,0.0,,/comparatif/occasion
robot piscine tiger shark occasion,10,,0.0,,/comparatif/occasion
aspirateur piscine pas cher,20,,0.38,,/comparatif/pas-cher
aspirateur piscine prix,20,,0.0,,/comparatif/pas-cher
aspirateur piscine promo,20,,0.0,,/comparatif/pas-cher
prix aspirateur piscine,20,,0.0,,/comparatif/pas-cher
prix robot nettoyeur piscine,20,,0.0,,/comparatif/pas-cher
meilleur rapport qualité prix robot piscine,20,,1.39,,/comparatif/pas-cher
piscine robot pas cher,20,,0.0,,/comparatif/pas-cher
prix d un robot piscine,20,,0.2,,/comparatif/pas-cher
prix robot piscine,20,,0.2,,/comparatif/pas-cher
promo robot piscine,20,,0.62,,/comparatif/pas-cher
promotion robot de piscine,20,,0.0,,/comparatif/pas-cher
promotion robot piscine,20,,0.62,,/comparatif/pas-cher
robot de piscine pas cher,20,,0.32,,/comparatif/pas-cher
robot piscine en solde,20,,0.0,,/comparatif/pas-cher
robot piscine pas cher,20,,0.44,,/comparatif/pas-cher
robot piscine pas cher et efficace,20,,0.34,,/comparatif/pas-cher
robot piscine prix,20,,0.2,,/comparatif/pas-cher
robot piscine promo,20,,0.93,,/comparatif/pas-cher
robot piscine promotion,20,,0.93,,/comparatif/pas-cher
robot piscine solde,20,,0.0,,/comparatif/pas-cher
robot pour piscine pas cher,20,,0.44,,/comparatif/pas-cher
solde robot piscine,20,,0.0,,/comparatif/pas-cher
aspirateur de piscine pas cher,10,,0.0,,/comparatif/pas-cher
aspirateur de piscine prix,10,,0.0,,/comparatif/pas-cher
aspirateur piscine meilleur rapport qualité prix,10,,0.0,,/comparatif/pas-cher
aspirateur piscine pas cher efficace,10,,0.0,,/comparatif/pas-cher
aspirateur piscine pas chere,10,,0.0,,/comparatif/pas-cher
aspirateur piscine promotion,10,,0.0,,/comparatif/pas-cher
aspirateur pour piscine pas cher,10,,0.38,,/comparatif/pas-cher
aspirateur robot piscine pas cher,10,,0.0,,/comparatif/pas-cher
prix aspirateur de piscine,10,,0.0,,/comparatif/pas-cher
promo aspirateur piscine,10,,0.0,,/comparatif/pas-cher
robot aspirateur piscine pas cher,10,,0.42,,/comparatif/pas-cher
robot nettoyeur piscine pas cher,10,,0.0,,/comparatif/pas-cher
robot nettoyeur piscine prix,10,,0.0,,/comparatif/pas-cher
location robot piscine prix,10,,0.0,,/comparatif/pas-cher
meilleur robot piscine pas cher,10,,0.0,,/comparatif/pas-cher
prix d un robot de piscine,10,,0.17,,/comparatif/pas-cher
prix des robots de piscine,10,,0.0,,/comparatif/pas-cher
prix robot de piscine,10,,0.17,,/comparatif/pas-cher
prix robot pour piscine,10,,0.2,,/comparatif/pas-cher
promo robot de piscine,10,,0.0,,/comparatif/pas-cher
quel est le meilleur robot piscine rapport qualité prix,10,,0.78,,/comparatif/pas-cher
robot de piscine meilleur rapport qualité prix,10,,0.0,,/comparatif/pas-cher
robot de piscine prix,10,,0.0,,/comparatif/pas-cher
robot de piscine promo,10,,0.0,,/comparatif/pas-cher
robot de piscine promotion,10,,0.0,,/comparatif/pas-cher
robot piscine a moins de 300 euros,10,,0.0,,/comparatif/pas-cher
robot piscine cdiscount,10,,0.0,,/comparatif/pas-cher
robot piscine en promo,10,,0.0,,/comparatif/pas-cher
robot piscine en promotion,10,,0.62,,/comparatif/pas-cher
robot piscine en soldes,10,,0.0,,/comparatif/pas-cher
robot piscine meilleur prix,10,,0.0,,/comparatif/pas-cher
robot piscine meilleur rapport qualité prix,10,,1.39,,/comparatif/pas-cher
robot piscine promotions,10,,0.42,,/comparatif/pas-cher
robot piscine qualite prix,10,,0.0,,/comparatif/pas-cher
robot piscine rapport qualité prix,10,,0.0,,/comparatif/pas-cher
robot piscine soldes,10,,0.0,,/comparatif/pas-cher
robot piscine tiger shark prix,10,,0.0,,/comparatif/pas-cher
soldes robots piscine,10,,0.0,,/comparatif/pas-cher
aspirateur petite piscine,30,,0.28,,/comparatif/petite-piscine
aspirateur pour petite piscine,30,,0.28,,/comparatif/petite-piscine
robot petite piscine,20,,0.43,,/comparatif/petite-piscine
robot pour petite piscine,20,,0.43,,/comparatif/petite-piscine
petit aspirateur pour petite piscine,10,,0.0,,/comparatif/petite-piscine
robot aspirateur pour petite piscine,10,,0.0,,/comparatif/petite-piscine
robot piscine sans fil,390,12.0,0.53,Commercial,/comparatif/sans-fil
robot sans fil pour piscine,320,12.0,0.3,"Informational, Transactional",/comparatif/sans-fil
aspirateur piscine sans fil,110,11.0,0.0,"Informational, Transactional",/comparatif/sans-fil
aspirateur sans fil pour piscine,110,11.0,0.0,"Informational, Transactional",/comparatif/sans-fil
meilleur robot piscine sans fil,70,,1.09,,/comparatif/sans-fil
aspirateur de piscine sans fil,50,,0.42,,/comparatif/sans-fil
robot de piscine sans fil,50,,0.82,,/comparatif/sans-fil
aspirateur batterie piscine,40,,0.39,,/comparatif/sans-fil
aspirateur piscine batterie,40,,0.39,,/comparatif/sans-fil
aspirateur piscine sans fils,40,,0.59,,/comparatif/sans-fil
aspirateur piscine sur batterie,40,,0.39,,/comparatif/sans-fil
robot piscine sans fil comparatif,30,,1.19,,/comparatif/sans-fil
robot piscine sans fil fond et parois,30,,0.6,,/comparatif/sans-fil
aspirateur balai piscine sans fil,20,,0.62,,/comparatif/sans-fil
aspirateur balai sans fil piscine,20,,0.78,,/comparatif/sans-fil
aspirateur de piscine rechargeable,20,,0.0,,/comparatif/sans-fil
aspirateur piscine autonome,20,,0.47,,/comparatif/sans-fil
aspirateur piscine gifi sans fil,20,,0.0,,/comparatif/sans-fil
aspirateur piscine rechargeable,20,,0.3,,/comparatif/sans-fil
aspirateur pour piscine sans fil,20,,0.0,,/comparatif/sans-fil
aspirateur pour piscine sur batterie,20,,0.0,,/comparatif/sans-fil
aspirateur robot piscine sans fil,20,,1.46,,/comparatif/sans-fil
aspirateur sans fil piscine,20,,0.46,,/comparatif/sans-fil
aspirateur sur batterie piscine,20,,0.0,,/comparatif/sans-fil
meilleur aspirateur piscine sans fil,20,,0.5,,/comparatif/sans-fil
robot aspirateur piscine sans fil,20,,0.57,,/comparatif/sans-fil
robot nettoyeur piscine sans fil,20,,0.92,,/comparatif/sans-fil
batterie robot piscine,20,,0.0,,/comparatif/sans-fil
robot piscine batterie,20,,1.55,,/comparatif/sans-fil
robot piscine sans fil avec batterie,20,,0.85,,/comparatif/sans-fil
robot piscine sur batterie,20,,1.55,,/comparatif/sans-fil
avis robot piscine sans fil,20,,0.0,,/comparatif/sans-fil
cash piscine robot sans fil,20,,0.69,,/comparatif/sans-fil
comparatif robot piscine sans fil,20,,1.54,,/comparatif/sans-fil
gosvor robot piscine sans fil,20,,0.42,,/comparatif/sans-fil
le meilleur robot piscine sans fil,20,,0.0,,/comparatif/sans-fil
meilleur robot de piscine sans fil,20,,2.34,,/comparatif/sans-fil
meilleur robot piscine sans fil 2025,20,,0.93,,/comparatif/sans-fil
meilleur robot piscine sans fil 2026,20,,1.16,,/comparatif/sans-fil
meilleur robot sans fil piscine,20,,0.7,,/comparatif/sans-fil
prix robot piscine sans fil,20,,0.27,,/comparatif/sans-fil
promo robot piscine sans fil,20,,0.0,,/comparatif/sans-fil
promotion robot piscine sans fil,20,,0.0,,/comparatif/sans-fil
quel est le meilleur robot de piscine sans fil,20,,2.03,,/comparatif/sans-fil
robot nettoyage piscine sans fil,20,,0.92,,/comparatif/sans-fil
robot piscine avec ou sans fil,20,,0.63,,/comparatif/sans-fil
robot piscine fond et parois sans fil,20,,0.0,,/comparatif/sans-fil
robot piscine hors sol sans fil,20,,0.7,,/comparatif/sans-fil
robot piscine sans fil amazon,20,,0.0,,/comparatif/sans-fil
robot piscine sans fil avis,20,,1.13,,/comparatif/sans-fil
robot piscine sans fil cash piscine,20,,0.0,,/comparatif/sans-fil
robot piscine sans fil pas cher,20,,0.32,,/comparatif/sans-fil
robot piscine sans fil promotion,20,,0.65,,/comparatif/sans-fil
robot pour piscine sans fil,20,,0.87,,/comparatif/sans-fil
robot sans fil piscine,20,,1.63,,/comparatif/sans-fil
test robot piscine sans fil,20,,1.91,,/comparatif/sans-fil
robot piscine autonome,20,,0.88,,/comparatif/sans-fil
aquaway aspirateur piscine rechargeable,10,,0.0,,/comparatif/sans-fil
aspirateur a batterie piscine,10,,0.0,,/comparatif/sans-fil
aspirateur a batterie pour piscine,10,,0.0,,/comparatif/sans-fil
aspirateur autonome piscine,10,,0.47,,/comparatif/sans-fil
aspirateur autonome pour piscine,10,,0.0,,/comparatif/sans-fil
aspirateur balai piscine batterie,10,,0.0,,/comparatif/sans-fil
aspirateur balai sans fil pour piscine,10,,0.49,,/comparatif/sans-fil
aspirateur batterie pour piscine,10,,0.39,,/comparatif/sans-fil
aspirateur de piscine a batterie,10,,0.0,,/comparatif/sans-fil
aspirateur de piscine autonome,10,,0.0,,/comparatif/sans-fil
aspirateur de piscine sur batterie,10,,0.39,,/comparatif/sans-fil
aspirateur fond de piscine autonome,10,,0.0,,/comparatif/sans-fil
aspirateur fond piscine batterie,10,,0.0,,/comparatif/sans-fil
aspirateur fond piscine sans fil,10,,0.0,,/comparatif/sans-fil
aspirateur piscine a batterie,10,,0.0,,/comparatif/sans-fil
aspirateur piscine avec batterie,10,,0.0,,/comparatif/sans-fil
aspirateur piscine balai sans fil,10,,0.0,,/comparatif/sans-fil
aspirateur piscine batterie cash piscine,10,,0.0,,/comparatif/sans-fil
aspirateur piscine batterie puissant,10,,0.32,,/comparatif/sans-fil
aspirateur piscine hors sol rechargeable,10,,0.0,,/comparatif/sans-fil
aspirateur piscine hors sol sans fil,10,,0.2,,/comparatif/sans-fil
aspirateur piscine sans fil avis,10,,0.0,,/comparatif/sans-fil
aspirateur piscine sans fil cash piscine,10,,0.0,,/comparatif/sans-fil
aspirateur piscine sans fil lidl,10,,0.0,,/comparatif/sans-fil
aspirateur piscine sans fil pas cher,10,,0.0,,/comparatif/sans-fil
aspirateur piscine sans fil puissant,10,,0.42,,/comparatif/sans-fil
aspirateur piscine sans fil rechargeable,10,,0.47,,/comparatif/sans-fil
aspirateur pour piscine rechargeable,10,,0.0,,/comparatif/sans-fil
aspirateur rechargeable piscine,10,,0.3,,/comparatif/sans-fil
aspirateur rechargeable pour piscine,10,,0.3,,/comparatif/sans-fil
aspirateur robot sans fil piscine,10,,0.0,,/comparatif/sans-fil
aspirateur sans fil piscine creusée,10,,0.76,,/comparatif/sans-fil
aspirateur sans fil piscine hors sol,10,,0.0,,/comparatif/sans-fil
aspirateur sans fil pour piscine hors sol,10,,0.0,,/comparatif/sans-fil
aspirateur sans fils piscine,10,,0.46,,/comparatif/sans-fil
aspirateur sur batterie pour piscine,10,,0.39,,/comparatif/sans-fil
aspirateurs piscine sans fil,10,,0.59,,/comparatif/sans-fil
balai aspirateur piscine sans fil,10,,0.0,,/comparatif/sans-fil
balai aspirateur piscine sur batterie,10,,0.0,,/comparatif/sans-fil
balai aspirateur rechargeable pour piscine et spa,10,,0.0,,/comparatif/sans-fil
comparatif aspirateur piscine sans fil,10,,0.0,,/comparatif/sans-fil
meilleur aspirateur sans fil piscine,10,,0.0,,/comparatif/sans-fil
meilleur balai aspirateur piscine sans fil,10,,0.0,,/comparatif/sans-fil
meilleur robot aspirateur piscine sans fil,10,,0.0,,/comparatif/sans-fil
petit aspirateur sans fil pour piscine,10,,0.0,,/comparatif/sans-fil
poolypoly aspirateur de piscine sans fil,10,,0.0,,/comparatif/sans-fil
robot aspirateur piscine sur batterie,10,,0.0,,/comparatif/sans-fil
robot nettoyeur de piscine sans fil,10,,0.0,,/comparatif/sans-fil
batterie pour robot piscine,10,,0.0,,/comparatif/sans-fil
meilleur robot piscine sur batterie,10,,0.0,,/comparatif/sans-fil
robot de piscine batterie,10,,0.0,,/comparatif/sans-fil
robot de piscine sur batterie,10,,0.0,,/comparatif/sans-fil
robot de piscine à batterie,10,,0.0,,/comparatif/sans-fil
robot piscine avec batterie,10,,0.0,,/comparatif/sans-fil
robot piscine batterie rechargeable,10,,0.0,,/comparatif/sans-fil
robot piscine filaire ou batterie,10,,0.0,,/comparatif/sans-fil
robot piscine à batterie,10,,0.36,,/comparatif/sans-fil
robot piscine enterrée sans fil,10,,0.0,,/comparatif/sans-fil
amazon robot piscine sans fil,10,,0.0,,/comparatif/sans-fil
comparaison robot piscine sans fil,10,,2.15,,/comparatif/sans-fil
comparatif robot de piscine sans fil,10,,0.0,,/comparatif/sans-fil
comparatif robot piscine sans fil 2026,10,,0.0,,/comparatif/sans-fil
comparatif robots piscine sans fil,10,,1.54,,/comparatif/sans-fil
essai robot piscine sans fil,10,,0.0,,/comparatif/sans-fil
evercross bot u8 robot piscine sans fil,10,,0.0,,/comparatif/sans-fil
forum robot piscine sans fil,10,,0.0,,/comparatif/sans-fil
le meilleur robot de piscine sans fil,10,,0.0,,/comparatif/sans-fil
les meilleurs robot piscine sans fil,10,,0.0,,/comparatif/sans-fil
les meilleurs robots piscine sans fil,10,,0.0,,/comparatif/sans-fil
meilleur marque robot piscine sans fil,10,,0.0,,/comparatif/sans-fil
meilleur robot piscine hors sol sans fil,10,,0.37,,/comparatif/sans-fil
meilleur robot piscine sans fil fond et parois,10,,0.66,,/comparatif/sans-fil
meilleur robot piscine sans fil pas cher,10,,0.52,,/comparatif/sans-fil
meilleure robot piscine sans fil,10,,1.09,,/comparatif/sans-fil
meilleurs robots piscine sans fil,10,,1.09,,/comparatif/sans-fil
petit robot piscine sans fil,10,,0.65,,/comparatif/sans-fil
piscine robot sans fil,10,,0.0,,/comparatif/sans-fil
quel est le meilleur robot piscine sans fil,10,,1.07,,/comparatif/sans-fil
quel robot piscine sans fil choisir,10,,0.0,,/comparatif/sans-fil
quelle est la meilleure marque de robot piscine sans fil,10,,0.0,,/comparatif/sans-fil
redkey s100 robot piscine sans fil,10,,0.0,,/comparatif/sans-fil
robot de piscine avec ou sans fil,10,,0.0,,/comparatif/sans-fil
robot de piscine manga x sans fil rechargeable,10,,0.0,,/comparatif/sans-fil
robot de piscine sans fil avis,10,,0.0,,/comparatif/sans-fil
robot petite piscine sans fil,10,,0.0,,/comparatif/sans-fil
robot piscine autonome sans fil,10,,0.0,,/comparatif/sans-fil
robot piscine avec ou sans fil avis,10,,0.0,,/comparatif/sans-fil
robot piscine coque sans fil,10,,0.0,,/comparatif/sans-fil
robot piscine filaire ou sans fil,10,,0.0,,/comparatif/sans-fil
robot piscine hors sol fond et parois sans fil,10,,0.0,,/comparatif/sans-fil
robot piscine liner sans fil,10,,0.0,,/comparatif/sans-fil
robot piscine pas cher sans fil,10,,0.0,,/comparatif/sans-fil
robot piscine racer sans fil,10,,0.0,,/comparatif/sans-fil
robot piscine sans fil 2026,10,,0.0,,/comparatif/sans-fil
robot piscine sans fil chinois,10,,1.9,,/comparatif/sans-fil
robot piscine sans fil connecté,10,,0.0,,/comparatif/sans-fil
robot piscine sans fil decathlon,10,,0.0,,/comparatif/sans-fil
robot piscine sans fil electro depot,10,,0.0,,/comparatif/sans-fil
robot piscine sans fil fond et parois pas cher,10,,0.0,,/comparatif/sans-fil
robot piscine sans fil fond parois et ligne d'eau,10,,0.0,,/comparatif/sans-fil
robot piscine sans fil hors sol,10,,0.0,,/comparatif/sans-fil
robot piscine sans fil lidl,10,,0.0,,/comparatif/sans-fil
robot piscine sans fil meilleur,10,,0.0,,/comparatif/sans-fil
robot piscine sans fil meilleur rapport qualité prix,10,,1.46,,/comparatif/sans-fil
robot piscine sans fil niya sonar 50,10,,0.0,,/comparatif/sans-fil
robot piscine sans fil occasion,10,,0.0,,/comparatif/sans-fil
robot piscine sans fil petite piscine,10,,0.0,,/comparatif/sans-fil
robot piscine sans fil pour coque,10,,0.56,,/comparatif/sans-fil
robot piscine sans fil pour liner,10,,0.0,,/comparatif/sans-fil
robot piscine sans fil pour piscine hors sol,10,,0.38,,/comparatif/sans-fil
robot piscine sans fil prix,10,,0.0,,/comparatif/sans-fil
robot piscine sans fil promo,10,,0.65,,/comparatif/sans-fil
robot piscine sans fil racer,10,,0.0,,/comparatif/sans-fil
robot piscine sans fil surface,10,,0.0,,/comparatif/sans-fil
robot piscine sans fil temu,10,,0.0,,/comparatif/sans-fil
robot piscine tubulaire sans fil,10,,1.53,,/comparatif/sans-fil
robot piscine yzaki sans fil,10,,0.0,,/comparatif/sans-fil
robot sans fil piscine hors sol,10,,0.0,,/comparatif/sans-fil
robot sans fils piscine,10,,1.63,,/comparatif/sans-fil
robots de piscine sans fil,10,,0.0,,/comparatif/sans-fil
robots piscine sans fil,10,,0.87,,/comparatif/sans-fil
top 10 robot piscine sans fil,10,,2.56,,/comparatif/sans-fil
top robot piscine sans fil,10,,2.57,,/comparatif/sans-fil
ufc que choisir robot piscine sans fil,10,,0.0,,/comparatif/sans-fil
ultenic robot piscine sans fil pooleco 10 avis,10,,0.0,,/comparatif/sans-fil
robot autonome piscine,10,,0.88,,/comparatif/sans-fil
robot de piscine autonome,10,,0.0,,/comparatif/sans-fil
robot de piscine autonome zx500r,10,,0.0,,/comparatif/sans-fil
robot piscine rechargeable,10,,0.0,,/comparatif/sans-fil
robot piscine solaire,20,,0.0,,/comparatif/solaire
robot de piscine solaire,10,,0.0,,/comparatif/solaire
robot solaire piscine,10,,0.0,,/comparatif/solaire
aspirateur de surface piscine,20,,0.33,,/comparatif/surface-feuilles
aspirateur feuilles piscine,20,,0.0,,/comparatif/surface-feuilles
aspirateur piscine skimmer,20,,0.0,,/comparatif/surface-feuilles
aspirateur piscine sur skimmer,20,,0.0,,/comparatif/surface-feuilles
aspirateur skimmer piscine,20,,0.0,,/comparatif/surface-feuilles
aspirateur surface piscine,20,,0.44,,/comparatif/surface-feuilles
aspiration skimmer piscine,20,,0.0,,/comparatif/surface-feuilles
aspirer feuilles piscine,20,,0.0,,/comparatif/surface-feuilles
aspirer piscine skimmer,20,,0.0,,/comparatif/surface-feuilles
robot nettoyeur surface piscine,20,,0.0,,/comparatif/surface-feuilles
robot de surface piscine,20,,0.69,,/comparatif/surface-feuilles
robot piscine surface,20,,0.61,,/comparatif/surface-feuilles
robot surface piscine solaire,20,,0.39,,/comparatif/surface-feuilles
aspirateur de surface pour piscine,10,,0.33,,/comparatif/surface-feuilles
aspirateur piscine surface,10,,0.0,,/comparatif/surface-feuilles
branchement aspirateur piscine sur skimmer,10,,0.0,,/comparatif/surface-feuilles
brancher aspirateur piscine sur skimmer,10,,0.0,,/comparatif/surface-feuilles
comment brancher aspirateur piscine sur skimmer,10,,0.0,,/comparatif/surface-feuilles
robot aspirateur surface piscine,10,,0.0,,/comparatif/surface-feuilles
robot nettoyeur de surface piscine,10,,0.0,,/comparatif/surface-feuilles
meilleur robot de surface piscine,10,,0.78,,/comparatif/surface-feuilles
robot de piscine de surface,10,,0.69,,/comparatif/surface-feuilles
robot de piscine surface,10,,0.0,,/comparatif/surface-feuilles
robot de surface de piscine,10,,0.0,,/comparatif/surface-feuilles
robot de surface pour piscine,10,,0.69,,/comparatif/surface-feuilles
robot piscine de surface,10,,0.69,,/comparatif/surface-feuilles
robot piscine de surface solaire,10,,0.81,,/comparatif/surface-feuilles
robot piscine fond et surface,10,,0.0,,/comparatif/surface-feuilles
robot piscine nettoyage surface,10,,1.07,,/comparatif/surface-feuilles
robot piscine qui nettoie la surface,10,,0.0,,/comparatif/surface-feuilles
robot piscine surface et fond,10,,0.68,,/comparatif/surface-feuilles
robot skimmer piscine,10,,0.55,,/comparatif/surface-feuilles
robot surface piscine,10,,0.61,,/comparatif/surface-feuilles
robot pour nettoyer la piscine,70,,0.61,,/guide/comment-ca-marche
robot pour nettoyer piscine,70,,0.61,,/guide/comment-ca-marche
comment nettoyer le fond d'une piscine sans aspirateur,30,,0.0,,/guide/comment-ca-marche
comment nettoyer le fond de la piscine sans aspirateur,30,,0.0,,/guide/comment-ca-marche
brancher aspirateur piscine,20,,0.0,,/guide/comment-ca-marche
comment aspirer la piscine,20,,0.0,,/guide/comment-ca-marche
comment aspirer piscine,20,,0.0,,/guide/comment-ca-marche
comment aspirer une piscine,20,,0.0,,/guide/comment-ca-marche
comment brancher aspirateur de piscine,20,,0.0,,/guide/comment-ca-marche
comment brancher aspirateur piscine sur pompe à sable,20,,0.0,,/guide/comment-ca-marche
comment brancher un aspirateur de piscine,20,,0.0,,/guide/comment-ca-marche
comment fonctionne un aspirateur de piscine,20,,0.0,,/guide/comment-ca-marche
fonctionnement aspirateur piscine,20,,0.0,,/guide/comment-ca-marche
nettoyer fond piscine sans aspirateur,20,,0.0,,/guide/comment-ca-marche
ou brancher aspirateur piscine,20,,0.0,,/guide/comment-ca-marche
choisir robot piscine,20,,0.43,,/guide/comment-ca-marche
robot piscine que choisir,20,,0.0,,/guide/comment-ca-marche
ufc que choisir robot piscine,20,,1.7,,/guide/comment-ca-marche
aspirateur piscine a brancher sur pompe,10,,0.0,,/guide/comment-ca-marche
aspirateur piscine splash mode d'emploi,10,,0.0,,/guide/comment-ca-marche
aspirateur piscine à brancher sur pompe,10,,0.0,,/guide/comment-ca-marche
aspirateur pour nettoyer fond de piscine,10,,0.0,,/guide/comment-ca-marche
aspirateur pour nettoyer la piscine,10,,0.0,,/guide/comment-ca-marche
aspirateur pour nettoyer piscine,10,,0.0,,/guide/comment-ca-marche
brancher aspirateur piscine sur pompe,10,,0.0,,/guide/comment-ca-marche
comment aspirer algue fond piscine,10,,0.0,,/guide/comment-ca-marche
comment aspirer fond piscine,10,,0.0,,/guide/comment-ca-marche
comment aspirer le fond d'une piscine,10,,0.0,,/guide/comment-ca-marche
comment aspirer le fond de la piscine,10,,0.0,,/guide/comment-ca-marche
comment aspirer le fond de ma piscine,10,,0.0,,/guide/comment-ca-marche
comment aspirer le fond de sa piscine,10,,0.0,,/guide/comment-ca-marche
comment aspirer le fond de sa piscine sans aspirateur,10,,0.0,,/guide/comment-ca-marche
comment aspirer sa piscine,10,,0.0,,/guide/comment-ca-marche
comment bien aspirer le fond de la piscine,10,,0.0,,/guide/comment-ca-marche
comment brancher aspirateur piscine,10,,0.0,,/guide/comment-ca-marche
comment brancher mon aspirateur piscine,10,,0.0,,/guide/comment-ca-marche
comment brancher un aspirateur de piscine sur la pompe,10,,0.0,,/guide/comment-ca-marche
comment brancher un aspirateur piscine,10,,0.0,,/guide/comment-ca-marche
comment enlever les algues dans une piscine sans aspirateur,10,,0.0,,/guide/comment-ca-marche
comment fabriquer un aspirateur de piscine,10,,0.0,,/guide/comment-ca-marche
comment faire fonctionner un aspirateur de piscine,10,,0.0,,/guide/comment-ca-marche
comment fonctionne aspirateur piscine,10,,0.0,,/guide/comment-ca-marche
comment fonctionne un aspirateur piscine,10,,0.0,,/guide/comment-ca-marche
comment gonfler une piscine avec un aspirateur,10,,0.0,,/guide/comment-ca-marche
comment mettre aspirateur piscine,10,,0.0,,/guide/comment-ca-marche
comment nettoyer fond piscine sans aspirateur,10,,0.0,,/guide/comment-ca-marche
comment nettoyer le fond de la piscine avec aspirateur,10,,0.0,,/guide/comment-ca-marche
comment nettoyer le fond de ma piscine sans aspirateur,10,,0.0,,/guide/comment-ca-marche
comment nettoyer le fond de sa piscine sans aspirateur,10,,0.0,,/guide/comment-ca-marche
comment nettoyer une piscine sans aspirateur,10,,0.0,,/guide/comment-ca-marche
comment raccorder un aspirateur de piscine,10,,0.0,,/guide/comment-ca-marche
comment utiliser aspirateur piscine,10,,0.0,,/guide/comment-ca-marche
comment utiliser un aspirateur de piscine,10,,0.0,,/guide/comment-ca-marche
comment vider le fond d'une piscine sans aspirateur,10,,0.0,,/guide/comment-ca-marche
fonctionnement aspirateur de piscine,10,,0.0,,/guide/comment-ca-marche
nettoyer fond de piscine sans aspirateur,10,,0.0,,/guide/comment-ca-marche
nettoyer le fond de la piscine sans aspirateur,10,,0.0,,/guide/comment-ca-marche
nettoyer piscine avec aspirateur,10,,0.0,,/guide/comment-ca-marche
nettoyer piscine sans aspirateur,10,,0.0,,/guide/comment-ca-marche
robot piscine brancher sur aspiration,10,,0.0,,/guide/comment-ca-marche
utiliser aspirateur piscine,10,,0.0,,/guide/comment-ca-marche
choisir robot de piscine,10,,0.0,,/guide/comment-ca-marche
choisir un robot de piscine,10,,0.49,,/guide/comment-ca-marche
choisir un robot piscine,10,,0.0,,/guide/comment-ca-marche
comment choisir robot piscine,10,,0.0,,/guide/comment-ca-marche
comment choisir son robot de piscine,10,,0.0,,/guide/comment-ca-marche
comment fonctionne robot piscine,10,,0.0,,/guide/comment-ca-marche
comment fonctionne un robot de piscine,10,,0.0,,/guide/comment-ca-marche
comment fonctionne un robot piscine,10,,0.0,,/guide/comment-ca-marche
comment nettoyer sa piscine sans robot,10,,0.0,,/guide/comment-ca-marche
comment réinitialiser un robot de piscine,10,,0.0,,/guide/comment-ca-marche
entretien robot piscine,10,,0.0,,/guide/comment-ca-marche
fonctionnement robot piscine,10,,0.0,,/guide/comment-ca-marche
nettoyer le fond de sa piscine sans robot,10,,0.0,,/guide/comment-ca-marche
quelle robot piscine choisir,10,,0.62,,/guide/comment-ca-marche
robot d'entretien piscine,10,,0.0,,/guide/comment-ca-marche
robot entretien piscine,10,,0.0,,/guide/comment-ca-marche
robot piscine choisir,10,,0.0,,/guide/comment-ca-marche
robot piscine comment choisir,10,,0.43,,/guide/comment-ca-marche
robot pour nettoyer les piscines,10,,0.61,,/guide/comment-ca-marche
aspirateur piscine trafic,70,,0.25,,/guide/ou-acheter-belgique
aspirateur piscine hubo,50,,0.47,,/guide/ou-acheter-belgique
aspirateur piscine brico,40,,0.0,,/guide/ou-acheter-belgique
trafic aspirateur piscine,40,,0.08,,/guide/ou-acheter-belgique
aspirateur piscine action,30,,0.23,,/guide/ou-acheter-belgique
aspirateur piscine decathlon,30,,0.44,,/guide/ou-acheter-belgique
action aspirateur piscine,20,,0.0,,/guide/ou-acheter-belgique
amazon aspirateur piscine,20,,0.17,,/guide/ou-acheter-belgique
aspirateur de piscine trafic,20,,0.0,,/guide/ou-acheter-belgique
aspirateur piscine amazon,20,,0.17,,/guide/ou-acheter-belgique
aspirateur piscine gamma,20,,0.0,,/guide/ou-acheter-belgique
aspirateur piscine lidl,20,,0.0,,/guide/ou-acheter-belgique
aspirateur piscine mr bricolage,20,,0.0,,/guide/ou-acheter-belgique
aspirateur pour piscine action,20,,0.0,,/guide/ou-acheter-belgique
brico aspirateur piscine,20,,0.0,,/guide/ou-acheter-belgique
hubo aspirateur piscine,20,,0.0,,/guide/ou-acheter-belgique
lidl aspirateur piscine,20,,0.0,,/guide/ou-acheter-belgique
amazon robot piscine,20,,0.24,,/guide/ou-acheter-belgique
brico robot piscine,20,,0.0,,/guide/ou-acheter-belgique
decathlon robot piscine,20,,0.0,,/guide/ou-acheter-belgique
lidl robot piscine,20,,0.0,,/guide/ou-acheter-belgique
magasin robot piscine,20,,0.0,,/guide/ou-acheter-belgique
robot piscine amazon,20,,0.0,,/guide/ou-acheter-belgique
robot piscine brico,20,,0.48,,/guide/ou-acheter-belgique
robot piscine lidl,20,,0.0,,/guide/ou-acheter-belgique
amazone aspirateur piscine,10,,0.15,,/guide/ou-acheter-belgique
aspirateur de piscine action,10,,0.0,,/guide/ou-acheter-belgique
aspirateur de piscine amazon,10,,0.0,,/guide/ou-acheter-belgique
aspirateur de piscine brico,10,,0.0,,/guide/ou-acheter-belgique
aspirateur de piscine brico depot,10,,0.0,,/guide/ou-acheter-belgique
aspirateur de piscine carrefour,10,,0.0,,/guide/ou-acheter-belgique
aspirateur de piscine hubo,10,,0.0,,/guide/ou-acheter-belgique
aspirateur de piscine lidl,10,,0.0,,/guide/ou-acheter-belgique
aspirateur piscine brico plan it,10,,0.0,,/guide/ou-acheter-belgique
aspirateur piscine bricoma,10,,0.0,,/guide/ou-acheter-belgique
aspirateur piscine carrefour,10,,0.0,,/guide/ou-acheter-belgique
aspirateur piscine monsieur bricolage,10,,0.0,,/guide/ou-acheter-belgique
aspirateur pour piscine amazon,10,,0.0,,/guide/ou-acheter-belgique
aspirateur pour piscine hubo,10,,0.0,,/guide/ou-acheter-belgique
brico depot aspirateur piscine,10,,0.0,,/guide/ou-acheter-belgique
carrefour aspirateur piscine,10,,0.0,,/guide/ou-acheter-belgique
decathlon aspirateur piscine,10,,0.0,,/guide/ou-acheter-belgique
gamma aspirateur piscine,10,,0.0,,/guide/ou-acheter-belgique
monsieur bricolage aspirateur piscine,10,,0.0,,/guide/ou-acheter-belgique
mr bricolage aspirateur piscine,10,,0.0,,/guide/ou-acheter-belgique
ou acheter un aspirateur de piscine,10,,0.0,,/guide/ou-acheter-belgique
robot aspirateur piscine lidl,10,,0.0,,/guide/ou-acheter-belgique
brico depot robot piscine,10,,0.0,,/guide/ou-acheter-belgique
carrefour robot piscine,10,,0.0,,/guide/ou-acheter-belgique
mr bricolage robot piscine,10,,0.0,,/guide/ou-acheter-belgique
ou acheter un robot piscine,10,,0.0,,/guide/ou-acheter-belgique
robot de piscine amazon,10,,0.0,,/guide/ou-acheter-belgique
robot de piscine lidl,10,,0.0,,/guide/ou-acheter-belgique
robot piscine action,10,,0.0,,/guide/ou-acheter-belgique
robot piscine brico depot,10,,0.0,,/guide/ou-acheter-belgique
robot piscine bricomarché,10,,0.0,,/guide/ou-acheter-belgique
robot piscine carrefour,10,,0.0,,/guide/ou-acheter-belgique
robot piscine decathlon,10,,0.9,,/guide/ou-acheter-belgique
robot piscine hubo,10,,0.41,,/guide/ou-acheter-belgique
robot piscine magasin,10,,0.0,,/guide/ou-acheter-belgique
robot piscine monsieur bricolage,10,,0.0,,/guide/ou-acheter-belgique
robot piscine mr bricolage,10,,0.75,,/guide/ou-acheter-belgique
robot piscine trafic,10,,0.0,,/guide/ou-acheter-belgique
robot piscine victor amazon,10,,0.0,,/guide/ou-acheter-belgique
aspirateur piscine a louer,20,,0.0,,/location (NE PAS CRÉER)
aspirateur piscine location,20,,0.0,,/location (NE PAS CRÉER)
location aspirateur piscine,20,,0.0,,/location (NE PAS CRÉER)
location aspirateur piscine loxam,20,,0.0,,/location (NE PAS CRÉER)
location aspirateur pour piscine,20,,0.0,,/location (NE PAS CRÉER)
location de robot de piscine,20,,0.0,,/location (NE PAS CRÉER)
location de robot piscine,20,,0.0,,/location (NE PAS CRÉER)
location de robot pour piscine,20,,0.0,,/location (NE PAS CRÉER)
location robot de piscine,20,,0.0,,/location (NE PAS CRÉER)
location robot piscine,20,,0.65,,/location (NE PAS CRÉER)
location robot piscine belgique,20,,0.0,,/location (NE PAS CRÉER)
location robot piscine loxam,20,,0.0,,/location (NE PAS CRÉER)
location aspirateur de piscine,10,,0.0,,/location (NE PAS CRÉER)
location aspirateur piscine kiloutou,10,,0.0,,/location (NE PAS CRÉER)
location aspirateur à eau pour piscine,10,,0.0,,/location (NE PAS CRÉER)
louer aspirateur piscine,10,,0.0,,/location (NE PAS CRÉER)
louer un aspirateur de piscine,10,,0.0,,/location (NE PAS CRÉER)
location robot piscine cash piscine,10,,0.0,,/location (NE PAS CRÉER)
location robot piscine entre particulier,10,,0.0,,/location (NE PAS CRÉER)
location robot piscine kiloutou,10,,0.0,,/location (NE PAS CRÉER)
robot piscine a louer,10,,0.0,,/location (NE PAS CRÉER)
robot piscine location,10,,0.65,,/location (NE PAS CRÉER)
aspirateur piscine intex,320,13.0,0.29,Informational,/marque/[marque]
robot piscine zodiac,210,13.0,0.47,"Navigational, Transactional",/marque/[marque]
zodiac piscine robot,170,16.0,0.62,"Navigational, Transactional",/marque/[marque]
zodiac robot piscine,170,10.0,0.47,"Informational, Transactional",/marque/[marque]
aspirateurs piscine intex,140,16.0,0.29,Commercial,/marque/[marque]
robot pour piscine zodiac,140,13.0,0.54,Transactional,/marque/[marque]
robot zodiac piscine,140,15.0,0.36,"Navigational, Transactional",/marque/[marque]
aspirateur intex piscine,110,16.0,0.23,"Informational, Transactional",/marque/[marque]
aspirateur pour piscine intex,110,13.0,0.23,"Informational, Transactional",/marque/[marque]
robot piscine dolphin,90,,0.55,,/marque/[marque]
dolphin robot piscine,70,,0.55,,/marque/[marque]
piscine robot zodiac,70,,0.62,,/marque/[marque]
zodiac robots piscine,70,,0.62,,/marque/[marque]
aspirateur piscine bestway,50,,0.27,,/marque/[marque]
robot piscine sans fil zodiac,50,,0.57,,/marque/[marque]
robot piscine intex,50,,0.42,,/marque/[marque]
aspirateur de piscine intex,40,,0.29,,/marque/[marque]
aspirateur pour piscine bestway,40,,0.27,,/marque/[marque]
intex aspirateur piscine,40,,0.29,,/marque/[marque]
intex robot piscine,40,,0.42,,/marque/[marque]
robot intex piscine,40,,0.42,,/marque/[marque]
robot piscine aiper,40,,0.75,,/marque/[marque]
robot piscine bestway,40,,0.36,,/marque/[marque]
robot pour piscine intex,40,,0.42,,/marque/[marque]
wybot robot piscine,40,,1.24,,/marque/[marque]
aiper robot piscine,30,,0.86,,/marque/[marque]
robot zodiac pour piscine,30,,0.62,,/marque/[marque]
aiper aspirateur et robot de piscine,20,,0.0,,/marque/[marque]
aiper aspirateur piscine,20,,0.0,,/marque/[marque]
aspirateur de piscine bestway,20,,0.36,,/marque/[marque]
aspirateur de piscine rechargeable intex,20,,0.0,,/marque/[marque]
aspirateur de piscine zodiac,20,,0.0,,/marque/[marque]
aspirateur fond de piscine intex,20,,0.0,,/marque/[marque]
aspirateur intex piscine hors sol,20,,0.32,,/marque/[marque]
aspirateur piscine aiper,20,,0.65,,/marque/[marque]
aspirateur piscine dolphin,20,,0.71,,/marque/[marque]
aspirateur piscine hors sol bestway,20,,0.0,,/marque/[marque]
aspirateur piscine hors sol intex,20,,0.32,,/marque/[marque]
aspirateur piscine intex brico,20,,0.0,,/marque/[marque]
aspirateur piscine intex dreamland,20,,0.0,,/marque/[marque]
aspirateur piscine intex hors sol,20,,0.32,,/marque/[marque]
aspirateur piscine intex hubo,20,,0.0,,/marque/[marque]
aspirateur piscine kokido,20,,0.35,,/marque/[marque]
aspirateur piscine zodiac,20,,0.4,,/marque/[marque]
aspirateur pour piscine hors sol intex,20,,0.32,,/marque/[marque]
aspirateur pour piscine intex hors sol,20,,0.32,,/marque/[marque]
aspirateur robot piscine intex,20,,0.42,,/marque/[marque]
aspirateur robot piscine zodiac,20,,0.42,,/marque/[marque]
aspirateur robot pour piscine intex,20,,0.42,,/marque/[marque]
aspirateur zodiac piscine,20,,0.4,,/marque/[marque]
aspirator piscina intex,20,,0.0,,/marque/[marque]
bestway aspirateur piscine,20,,0.28,,/marque/[marque]
buse aspiration piscine intex,20,,0.0,,/marque/[marque]
bwt aspirateur piscine,20,,0.0,,/marque/[marque]
kokido aspirateur piscine,20,,0.35,,/marque/[marque]
robot aspirateur piscine intex,20,,0.42,,/marque/[marque]
zodiac aspirateur piscine,20,,0.4,,/marque/[marque]
aiper robot piscine sans fil,20,,0.0,,/marque/[marque]
robot de piscine sans fil dolphin,20,,0.0,,/marque/[marque]
robot de piscine zodiac sans fil,20,,0.0,,/marque/[marque]
robot piscine dolphin sans fil,20,,0.7,,/marque/[marque]
robot piscine sans fil aiper,20,,0.69,,/marque/[marque]
robot piscine sans fil bestway,20,,0.0,,/marque/[marque]
robot piscine sans fil dolphin,20,,0.71,,/marque/[marque]
robot piscine sans fil wybot,20,,0.0,,/marque/[marque]
robot piscine zodiac sans fil,20,,0.57,,/marque/[marque]
robot piscine zodiac sans fil avis,20,,0.49,,/marque/[marque]
zodiac robot piscine sans fil,20,,0.55,,/marque/[marque]
aiper robot de piscine,20,,0.0,,/marque/[marque]
aiper robot piscina,20,,0.0,,/marque/[marque]
aiper scuba se robot piscine,20,,0.74,,/marque/[marque]
avis robot piscine aiper,20,,0.0,,/marque/[marque]
beatbot robot piscine,20,,1.77,,/marque/[marque]
bestway robot piscine,20,,0.33,,/marque/[marque]
bwt robot piscine,20,,0.59,,/marque/[marque]
cable robot piscine dolphin,20,,0.0,,/marque/[marque]
cable robot piscine zodiac,20,,0.0,,/marque/[marque]
chariot pour robot piscine dolphin,20,,0.0,,/marque/[marque]
chariot robot piscine dolphin,20,,0.0,,/marque/[marque]
destockage robot piscine dolphin,20,,0.0,,/marque/[marque]
dolphin robot de piscine,20,,0.26,,/marque/[marque]
dreame robot piscine,20,,0.82,,/marque/[marque]
dreame robot piscine z1 pro,20,,1.59,,/marque/[marque]
fiche technique robot piscine zodiac,20,,0.0,,/marque/[marque]
hayward robot piscine,20,,0.46,,/marque/[marque]
mammotion robot piscine,20,,1.36,,/marque/[marque]
maytronics robot piscine,20,,0.58,,/marque/[marque]
panier robot piscine zodiac,20,,0.0,,/marque/[marque]
polaris robot piscine,20,,0.46,,/marque/[marque]
polaris robot piscine 280,20,,0.0,,/marque/[marque]
prix robot piscine zodiac,20,,0.34,,/marque/[marque]
revendeur robot piscine zodiac,20,,0.0,,/marque/[marque]
robot de piscine aiper,20,,1.03,,/marque/[marque]
robot de piscine dolphin,20,,0.77,,/marque/[marque]
robot de piscine hayward,20,,0.0,,/marque/[marque]
robot de piscine intex,20,,0.0,,/marque/[marque]
robot de piscine zodiac,20,,0.48,,/marque/[marque]
robot per piscina zodiac,20,,0.0,,/marque/[marque]
robot piscina dolphin,20,,0.0,,/marque/[marque]
robot piscina zodiac,20,,0.0,,/marque/[marque]
robot piscine 280 polaris,20,,0.0,,/marque/[marque]
robot piscine aiper avis,20,,0.69,,/marque/[marque]
robot piscine aiper scuba se,20,,0.66,,/marque/[marque]
robot piscine aiper seagull pro,20,,0.0,,/marque/[marque]
robot piscine beatbot,20,,2.12,,/marque/[marque]
robot piscine bwt,20,,0.85,,/marque/[marque]
robot piscine dolphin belgique,20,,0.0,,/marque/[marque]
robot piscine dolphin promotion,20,,0.49,,/marque/[marque]
robot piscine dreame,20,,0.55,,/marque/[marque]
robot piscine evac pro hayward,20,,0.0,,/marque/[marque]
robot piscine hayward,20,,0.44,,/marque/[marque]
robot piscine hayward aquavac,20,,0.0,,/marque/[marque]
robot piscine hayward evac pro,20,,0.0,,/marque/[marque]
robot piscine hayward prix,20,,0.0,,/marque/[marque]
robot piscine hayward tiger shark,20,,0.0,,/marque/[marque]
robot piscine hydraulique zodiac,20,,0.0,,/marque/[marque]
robot piscine mammotion,20,,0.91,,/marque/[marque]
robot piscine mammotion avis,20,,1.17,,/marque/[marque]
robot piscine maytronics,20,,0.58,,/marque/[marque]
robot piscine mx8 zodiac,20,,0.0,,/marque/[marque]
robot piscine polaris,20,,0.46,,/marque/[marque]
robot piscine ubbink,20,,0.5,,/marque/[marque]
robot piscine wybot,20,,0.98,,/marque/[marque]
robot piscine wybot avis,20,,0.0,,/marque/[marque]
robot piscine zodiac alpha oa 6600 iq,20,,0.0,,/marque/[marque]
robot piscine zodiac ancien modele,20,,0.0,,/marque/[marque]
robot piscine zodiac avec fil,20,,0.45,,/marque/[marque]
robot piscine zodiac belgique,20,,0.0,,/marque/[marque]
robot piscine zodiac cyclonx,20,,0.0,,/marque/[marque]
robot piscine zodiac occasion,20,,0.0,,/marque/[marque]
robot piscine zodiac prix,20,,0.34,,/marque/[marque]
robot piscine zodiac promotion,20,,0.0,,/marque/[marque]
robot piscine zodiac vortex,20,,0.77,,/marque/[marque]
robot polaris piscine,20,,0.46,,/marque/[marque]
réinitialiser robot piscine dolphin,20,,0.0,,/marque/[marque]
réinitialiser robot piscine zodiac,20,,0.0,,/marque/[marque]
schéma électrique robot piscine zodiac indigo,20,,0.0,,/marque/[marque]
wybot robot piscine avis,20,,1.14,,/marque/[marque]
zodiac robot piscine mx8,20,,0.45,,/marque/[marque]
adaptateur aspirateur piscine bestway,10,,0.0,,/marque/[marque]
adaptateur aspirateur piscine intex,10,,0.0,,/marque/[marque]
adaptateur pour aspirateur piscine intex,10,,0.0,,/marque/[marque]
aspirateur a main piscine intex,10,,0.0,,/marque/[marque]
aspirateur a piscine intex,10,,0.0,,/marque/[marque]
aspirateur aiper piscine,10,,0.0,,/marque/[marque]
aspirateur balai piscine bestway,10,,0.0,,/marque/[marque]
aspirateur balai piscine intex,10,,0.3,,/marque/[marque]
aspirateur balai pour piscine intex,10,,0.0,,/marque/[marque]
aspirateur balais piscine intex,10,,0.3,,/marque/[marque]
aspirateur bestway piscine,10,,0.0,,/marque/[marque]
aspirateur de fond piscine bestway,10,,0.0,,/marque/[marque]
aspirateur de fond piscine intex,10,,0.0,,/marque/[marque]
aspirateur de fond pour piscine intex,10,,0.0,,/marque/[marque]
aspirateur de piscine aiper,10,,0.0,,/marque/[marque]
aspirateur de piscine et spa à batterie zr200 intex,10,,0.0,,/marque/[marque]
aspirateur de piscine kokido,10,,0.0,,/marque/[marque]
aspirateur de piscine sans fil intex,10,,0.0,,/marque/[marque]
aspirateur dolphin piscine,10,,0.71,,/marque/[marque]
aspirateur kokido piscine,10,,0.0,,/marque/[marque]
aspirateur manuel piscine intex,10,,0.0,,/marque/[marque]
aspirateur nettoyeur piscine intex,10,,0.0,,/marque/[marque]
aspirateur petite piscine intex,10,,0.0,,/marque/[marque]
aspirateur piscine aiper avis,10,,0.0,,/marque/[marque]
aspirateur piscine aiper scuba se,10,,0.61,,/marque/[marque]
aspirateur piscine batterie bestway,10,,0.0,,/marque/[marque]
aspirateur piscine beatbot,10,,0.0,,/marque/[marque]
aspirateur piscine bestway avis,10,,0.0,,/marque/[marque]
aspirateur piscine bestway lay z spa,10,,0.0,,/marque/[marque]
aspirateur piscine bestway sans fil,10,,0.4,,/marque/[marque]
aspirateur piscine bwt,10,,0.0,,/marque/[marque]
aspirateur piscine intex amazon,10,,0.0,,/marque/[marque]
aspirateur piscine intex avis,10,,0.0,,/marque/[marque]
aspirateur piscine intex comment ca marche,10,,0.0,,/marque/[marque]
aspirateur piscine intex fonctionnement,10,,0.0,,/marque/[marque]
aspirateur piscine intex gifi,10,,0.0,,/marque/[marque]
aspirateur piscine intex mode d'emploi,10,,0.0,,/marque/[marque]
aspirateur piscine intex mr bricolage,10,,0.0,,/marque/[marque]
aspirateur piscine intex occasion,10,,0.0,,/marque/[marque]
aspirateur piscine intex pas cher,10,,0.0,,/marque/[marque]
aspirateur piscine intex pure spa,10,,0.0,,/marque/[marque]
aspirateur piscine intex rechargeable,10,,0.0,,/marque/[marque]
aspirateur piscine intex sans fil,10,,0.3,,/marque/[marque]
aspirateur piscine intex sur pompe,10,,0.0,,/marque/[marque]
aspirateur piscine intex trafic,10,,0.0,,/marque/[marque]
aspirateur piscine intex tubulaire,10,,0.0,,/marque/[marque]
aspirateur piscine kokido vektro pro,10,,0.0,,/marque/[marque]
aspirateur piscine polaris,10,,0.0,,/marque/[marque]
aspirateur piscine rechargeable intex,10,,0.0,,/marque/[marque]
aspirateur piscine robot intex,10,,0.0,,/marque/[marque]
aspirateur piscine sans fil aiper,10,,0.0,,/marque/[marque]
aspirateur piscine sans fil bestway,10,,0.0,,/marque/[marque]
aspirateur piscine sans fil intex,10,,0.0,,/marque/[marque]
aspirateur piscine sur batterie intex,10,,0.0,,/marque/[marque]
aspirateur piscine tubulaire intex,10,,0.0,,/marque/[marque]
aspirateur piscine ubbink,10,,0.39,,/marque/[marque]
aspirateur piscine wybot,10,,0.0,,/marque/[marque]
aspirateur piscine zodiac sans fil,10,,0.46,,/marque/[marque]
aspirateur pour piscine tubulaire intex,10,,0.0,,/marque/[marque]
aspirateur rechargeable kokido vektro xl pour piscine,10,,0.0,,/marque/[marque]
aspirateur robot intex piscine,10,,0.0,,/marque/[marque]
aspirateur robot piscine aiper,10,,0.0,,/marque/[marque]
aspirateur robot piscine bestway,10,,0.0,,/marque/[marque]
aspirateur robot piscine dolphin,10,,0.0,,/marque/[marque]
aspirateur zodiac pour piscine,10,,0.23,,/marque/[marque]
aspirer fond piscine intex,10,,0.0,,/marque/[marque]
balai aspirateur piscine bestway,10,,0.0,,/marque/[marque]
balai aspirateur piscine intex,10,,0.3,,/marque/[marque]
balais aspirateur piscine intex,10,,0.0,,/marque/[marque]
bestway aspirateur de piscine aquatronix g200,10,,0.0,,/marque/[marque]
branchement aspirateur piscine bestway,10,,0.0,,/marque/[marque]
branchement aspirateur piscine hors sol intex,10,,0.0,,/marque/[marque]
branchement aspirateur piscine intex,10,,0.0,,/marque/[marque]
brancher aspirateur piscine intex,10,,0.0,,/marque/[marque]
buse aspiration piscine bestway,10,,0.0,,/marque/[marque]
cable aspirateur intex piscine,10,,0.0,,/marque/[marque]
cable aspirateur piscine intex,10,,0.0,,/marque/[marque]
chargeur aspirateur de piscine intex,10,,0.0,,/marque/[marque]
chargeur aspirateur piscine intex,10,,0.0,,/marque/[marque]
chargeur aspirateur piscine kokido,10,,0.0,,/marque/[marque]
chargeur pour aspirateur de piscine intex,10,,0.0,,/marque/[marque]
chargeur pour aspirateur piscine intex,10,,0.0,,/marque/[marque]
comment brancher aspirateur piscine intex,10,,0.0,,/marque/[marque]
comment brancher un aspirateur de piscine intex,10,,0.0,,/marque/[marque]
comment fonctionne aspirateur piscine intex,10,,0.0,,/marque/[marque]
câble chargeur aspirateur piscine intex,10,,0.0,,/marque/[marque]
dolphin aspirateur piscine,10,,0.71,,/marque/[marque]
fonctionnement aspirateur piscine intex,10,,0.0,,/marque/[marque]
hayward aspirateur piscine,10,,0.0,,/marque/[marque]
intex aspirateur de piscine,10,,0.0,,/marque/[marque]
intex aspirateur de piscine zr100,10,,0.0,,/marque/[marque]
intex aspirateur rechargeable pour spa et piscine,10,,0.0,,/marque/[marque]
intex balai aspirateur piscine,10,,0.0,,/marque/[marque]
intex piscine aspirateur,10,,0.0,,/marque/[marque]
kit aspirateur piscine intex,10,,0.0,,/marque/[marque]
kit aspiration piscine intex,10,,0.0,,/marque/[marque]
kit epuisette et aspirateur de fond pour piscines intex,10,,0.0,,/marque/[marque]
meilleur aspirateur piscine intex,10,,0.0,,/marque/[marque]
ou brancher aspirateur piscine intex,10,,0.0,,/marque/[marque]
petit aspirateur piscine intex,10,,0.0,,/marque/[marque]
piscine intex aspirateur fond,10,,0.0,,/marque/[marque]
pompe piscine intex aspiration refoulement,10,,0.0,,/marque/[marque]
pompe piscine intex fonctionne mais n'aspire plus,10,,0.0,,/marque/[marque]
prise aspirateur piscine intex,10,,0.0,,/marque/[marque]
prix aspirateur piscine intex,10,,0.0,,/marque/[marque]
raccord aspirateur piscine intex,10,,0.0,,/marque/[marque]
raccordement aspirateur piscine intex,10,,0.0,,/marque/[marque]
robot aspirateur de piscine intex,10,,0.0,,/marque/[marque]
robot aspirateur piscine bestway,10,,0.0,,/marque/[marque]
robot aspirateur piscine hors sol bestway,10,,0.0,,/marque/[marque]
robot aspirateur piscine zodiac,10,,0.42,,/marque/[marque]
tuto aspirateur piscine intex,10,,0.0,,/marque/[marque]
tuyau aspirateur piscine intex,10,,0.0,,/marque/[marque]
tuyau aspiration piscine intex,10,,0.0,,/marque/[marque]
video aspirateur piscine intex,10,,0.0,,/marque/[marque]
vider piscine intex sans aspirateur,10,,0.0,,/marque/[marque]
robot nettoyeur de piscine aquasense 2 pro beatbot,10,,0.0,,/marque/[marque]
robot nettoyeur de piscine zodiac,10,,0.0,,/marque/[marque]
robot nettoyeur piscine bestway,10,,0.0,,/marque/[marque]
robot nettoyeur piscine intex,10,,0.31,,/marque/[marque]
robot nettoyeur piscine zodiac,10,,0.45,,/marque/[marque]
batterie robot piscine bestway frisbee,10,,0.0,,/marque/[marque]
batterie robot piscine wybot,10,,0.0,,/marque/[marque]
dolphin robot piscine sans fil,10,,1.13,,/marque/[marque]
meilleur robot piscine sans fil zodiac,10,,0.0,,/marque/[marque]
robot de piscine sans fil zodiac,10,,1.08,,/marque/[marque]
robot piscine aiper sans fil,10,,0.0,,/marque/[marque]
robot piscine bestway sans fil,10,,0.0,,/marque/[marque]
robot piscine bwt sans fil,10,,0.0,,/marque/[marque]
robot piscine hayward sans fil,10,,0.0,,/marque/[marque]
robot piscine intex sans fil,10,,0.38,,/marque/[marque]
robot piscine polaris sans fil,10,,0.0,,/marque/[marque]
robot piscine sans fil aiper avis,10,,0.69,,/marque/[marque]
robot piscine sans fil aiper seagull pro,10,,0.0,,/marque/[marque]
robot piscine sans fil beatbot,10,,0.0,,/marque/[marque]
robot piscine sans fil bwt,10,,0.0,,/marque/[marque]
robot piscine sans fil dreame,10,,0.0,,/marque/[marque]
robot piscine sans fil hayward,10,,0.0,,/marque/[marque]
robot piscine sans fil intex,10,,0.0,,/marque/[marque]
robot piscine sans fil ubbink robotclean accu s,10,,0.0,,/marque/[marque]
robot piscine sans fil zodiac cnx li 52 iq freedom,10,,0.87,,/marque/[marque]
robot piscine sans fil zodiac freedom of 42 iq,10,,0.0,,/marque/[marque]
robot piscine sans fil zodiac pixel op 32,10,,0.0,,/marque/[marque]
robot piscine sans fil zodiac prix,10,,0.0,,/marque/[marque]
robot piscine zodiac sans fil freerider rf 5200 iq,10,,0.0,,/marque/[marque]
robot piscine zodiac sans fil freerider rf 5400 iq,10,,0.0,,/marque/[marque]
robot piscine zodiac sans fil freerider rf 5600 iq,10,,0.0,,/marque/[marque]
robot zodiac piscine sans fil,10,,0.0,,/marque/[marque]
wybot robot piscine sans fil,10,,0.0,,/marque/[marque]
adaptateur robot piscine intex,10,,0.0,,/marque/[marque]
aiper robot de piscine scuba s1,10,,0.0,,/marque/[marque]
aiper robot piscine avis,10,,0.0,,/marque/[marque]
aiper robot piscine scuba se,10,,0.0,,/marque/[marque]
aiper seagull pro robot piscine,10,,0.0,,/marque/[marque]
alimentation robot piscine dolphin,10,,0.0,,/marque/[marque]
application zodiac robot piscine,10,,0.0,,/marque/[marque]
avis robot piscine aiper scuba se,10,,0.0,,/marque/[marque]
avis robot piscine beatbot,10,,0.0,,/marque/[marque]
avis robot piscine mammotion,10,,1.46,,/marque/[marque]
avis robot piscine wybot,10,,0.0,,/marque/[marque]
avis robot piscine zodiac,10,,0.0,,/marque/[marque]
bestway robot de piscine,10,,0.0,,/marque/[marque]
boitier commande robot piscine dolphin,10,,0.0,,/marque/[marque]
boitier de commande robot piscine zodiac,10,,0.0,,/marque/[marque]
branchement robot piscine intex,10,,0.0,,/marque/[marque]
cable pour robot piscine dolphin,10,,0.0,,/marque/[marque]
carte électronique robot piscine zodiac,10,,0.0,,/marque/[marque]
cash piscine robot dolphin,10,,0.0,,/marque/[marque]
cash piscine robot zodiac,10,,0.0,,/marque/[marque]
changer câble robot piscine zodiac,10,,0.0,,/marque/[marque]
chargeur pour robot piscine bestway,10,,0.0,,/marque/[marque]
chargeur robot piscine bestway,10,,0.0,,/marque/[marque]
chargeur robot piscine kokido,10,,0.0,,/marque/[marque]
chariot pour robot piscine zodiac,10,,0.0,,/marque/[marque]
chariot robot piscine zodiac,10,,0.0,,/marque/[marque]
comment brancher un robot de piscine intex,10,,0.0,,/marque/[marque]
comment fonctionne le robot piscine intex,10,,0.0,,/marque/[marque]
comment fonctionne un robot de piscine zodiac,10,,0.0,,/marque/[marque]
dolphin piscine robot,10,,0.0,,/marque/[marque]
dolphin robot piscina,10,,0.0,,/marque/[marque]
dolphin robots piscine,10,,0.55,,/marque/[marque]
dreame robot piscine z1,10,,0.84,,/marque/[marque]
duree de vie robot piscine dolphin,10,,0.0,,/marque/[marque]
déstockage robot piscine zodiac,10,,0.49,,/marque/[marque]
entretien robot piscine zodiac,10,,0.0,,/marque/[marque]
fonctionnement robot piscine zodiac,10,,0.0,,/marque/[marque]
garantie robot piscine zodiac,10,,0.0,,/marque/[marque]
hayward piscine robot,10,,0.0,,/marque/[marque]
intex robot de piscine,10,,0.0,,/marque/[marque]
intex robot de piscine zx300,10,,0.0,,/marque/[marque]
intex robot piscine zx300,10,,0.0,,/marque/[marque]
kokido robot piscine,10,,0.0,,/marque/[marque]
meilleur robot piscine zodiac,10,,0.59,,/marque/[marque]
mode d'emploi robot piscine zodiac,10,,0.0,,/marque/[marque]
notice robot piscine zodiac vortex,10,,0.0,,/marque/[marque]
piscine robot dolphin,10,,0.0,,/marque/[marque]
polaris piscine robot,10,,0.46,,/marque/[marque]
polaris robot de piscine,10,,0.0,,/marque/[marque]
polaris robot piscine prix,10,,0.0,,/marque/[marque]
prix robot piscine dolphin,10,,0.0,,/marque/[marque]
promo robot piscine dolphin,10,,0.0,,/marque/[marque]
promo robot piscine zodiac,10,,0.0,,/marque/[marque]
reinitialiser robot piscine zodiac,10,,0.0,,/marque/[marque]
reparation robot piscine dolphin,10,,0.0,,/marque/[marque]
revendeur zodiac robot piscine,10,,0.0,,/marque/[marque]
robot bestway piscine,10,,0.26,,/marque/[marque]
robot de piscine aiper scuba se,10,,0.0,,/marque/[marque]
robot de piscine beatbot,10,,0.0,,/marque/[marque]
robot de piscine bestway,10,,0.0,,/marque/[marque]
robot de piscine bwt,10,,0.0,,/marque/[marque]
robot de piscine maytronics,10,,0.0,,/marque/[marque]
robot de piscine polaris,10,,0.0,,/marque/[marque]
robot de piscine wybot,10,,1.29,,/marque/[marque]
robot de surface piscine dolphin,10,,0.0,,/marque/[marque]
robot dolphin piscine,10,,0.0,,/marque/[marque]
robot electrique piscine zodiac,10,,0.0,,/marque/[marque]
robot hydraulique piscine zodiac,10,,0.0,,/marque/[marque]
robot intex piscine hors sol,10,,0.42,,/marque/[marque]
robot intex pour piscine hors sol,10,,0.0,,/marque/[marque]
robot nettoyage piscine zodiac,10,,0.45,,/marque/[marque]
robot piscine aiper lidl,10,,0.0,,/marque/[marque]
robot piscine aiper scuba,10,,0.0,,/marque/[marque]
robot piscine aiper scuba se avis,10,,0.35,,/marque/[marque]
robot piscine aiper seagull se,10,,0.0,,/marque/[marque]
robot piscine avec fil dolphin,10,,0.0,,/marque/[marque]
robot piscine beatbot aquasense pro,10,,0.0,,/marque/[marque]
robot piscine beatbot avis,10,,0.0,,/marque/[marque]
robot piscine bestway aquatronix,10,,0.0,,/marque/[marque]
robot piscine bestway avis,10,,0.0,,/marque/[marque]
robot piscine bestway flowclear,10,,0.0,,/marque/[marque]
robot piscine bestway guppy,10,,0.0,,/marque/[marque]
robot piscine bestway mia,10,,0.0,,/marque/[marque]
robot piscine bwt avis,10,,0.0,,/marque/[marque]
robot piscine cybernaut nt zodiac,10,,0.0,,/marque/[marque]
robot piscine dolphin avec fil,10,,0.0,,/marque/[marque]
robot piscine dolphin avis,10,,0.0,,/marque/[marque]
robot piscine dolphin leroy merlin,10,,0.0,,/marque/[marque]
robot piscine dolphin liberty,10,,0.0,,/marque/[marque]
robot piscine dolphin maytronics,10,,0.0,,/marque/[marque]
robot piscine dolphin occasion,10,,0.0,,/marque/[marque]
robot piscine dolphin poolstyle plus,10,,0.0,,/marque/[marque]
robot piscine dolphin prix,10,,0.0,,/marque/[marque]
robot piscine electrique zodiac,10,,0.0,,/marque/[marque]
robot piscine evac hayward,10,,0.0,,/marque/[marque]
robot piscine filaire dolphin,10,,0.0,,/marque/[marque]
robot piscine filaire zodiac,10,,0.53,,/marque/[marque]
robot piscine fond et parois dolphin,10,,0.0,,/marque/[marque]
robot piscine fond et parois zodiac,10,,0.0,,/marque/[marque]
robot piscine hayward avis,10,,0.0,,/marque/[marque]
robot piscine hayward sharkvac xl pilot,10,,0.0,,/marque/[marque]
robot piscine hors sol bestway,10,,0.0,,/marque/[marque]
robot piscine hors sol fond et parois intex,10,,0.0,,/marque/[marque]
robot piscine hors sol intex,10,,0.42,,/marque/[marque]
robot piscine ice bwt,10,,0.0,,/marque/[marque]
robot piscine intex avis,10,,0.0,,/marque/[marque]
robot piscine intex hors sol,10,,0.0,,/marque/[marque]
robot piscine kokido,10,,0.46,,/marque/[marque]
robot piscine kokido avis,10,,0.0,,/marque/[marque]
robot piscine kokido manga x,10,,0.0,,/marque/[marque]
robot piscine maytronics dolphin,10,,3.85,,/marque/[marque]
robot piscine steinbach,10,,0.0,,/marque/[marque]
robot piscine tornax gt2120 zodiac,10,,0.0,,/marque/[marque]
robot piscine tubulaire bestway,10,,0.0,,/marque/[marque]
robot piscine tubulaire intex,10,,0.0,,/marque/[marque]
robot piscine ubbink avis,10,,0.0,,/marque/[marque]
robot piscine ubbink robotclean 3,10,,0.43,,/marque/[marque]
robot piscine zodiac avis,10,,0.0,,/marque/[marque]
robot piscine zodiac comparatif,10,,0.0,,/marque/[marque]
robot piscine zodiac connecté,10,,0.0,,/marque/[marque]
robot piscine zodiac cybernaut nt,10,,0.0,,/marque/[marque]
robot piscine zodiac cyclonx notice,10,,0.0,,/marque/[marque]
robot piscine zodiac filaire,10,,0.0,,/marque/[marque]
robot piscine zodiac fonctionnement,10,,0.0,,/marque/[marque]
robot piscine zodiac fond et parois,10,,0.0,,/marque/[marque]
robot piscine zodiac freerider,10,,0.0,,/marque/[marque]
robot piscine zodiac freerider rf 5400 iq,10,,0.0,,/marque/[marque]
robot piscine zodiac hydraulique,10,,0.0,,/marque/[marque]
robot piscine zodiac indigo,10,,0.0,,/marque/[marque]
robot piscine zodiac leroy merlin,10,,0.0,,/marque/[marque]
robot piscine zodiac lift system,10,,0.0,,/marque/[marque]
robot piscine zodiac mode d'emploi,10,,0.0,,/marque/[marque]
robot piscine zodiac notice,10,,0.0,,/marque/[marque]
robot piscine zodiac ou dolphin,10,,0.0,,/marque/[marque]
robot piscine zodiac pas cher,10,,0.0,,/marque/[marque]
robot piscine zodiac promo,10,,0.0,,/marque/[marque]
robot piscine zodiac sweepy swy 3500,10,,0.0,,/marque/[marque]
robot piscine zodiac tornax,10,,0.0,,/marque/[marque]
robot piscine zodiac vortex ov 3480,10,,0.0,,/marque/[marque]
robot piscine zodiac voyager re 4600 iq,10,,0.0,,/marque/[marque]
robot pour piscine bestway,10,,0.0,,/marque/[marque]
robot pour piscine dolphin,10,,0.55,,/marque/[marque]
robot pour piscine hors sol intex,10,,0.42,,/marque/[marque]
robot pour piscine intex hors sol,10,,0.42,,/marque/[marque]
robot pour piscine intex ultra xtr,10,,0.0,,/marque/[marque]
robot pour piscine tubulaire bestway,10,,0.0,,/marque/[marque]
robot pour piscine tubulaire intex,10,,0.0,,/marque/[marque]
robot wybot piscine,10,,0.0,,/marque/[marque]
robot zodiac cash piscine,10,,0.0,,/marque/[marque]
robot zx50 intex cash piscine,10,,0.0,,/marque/[marque]
robots de piscine zodiac,10,,0.0,,/marque/[marque]
robots piscine hayward,10,,0.19,,/marque/[marque]
robots piscine intex,10,,0.42,,/marque/[marque]
robots piscine maytronics,10,,0.58,,/marque/[marque]
robots piscine polaris,10,,0.33,,/marque/[marque]
réinitialiser robot piscine zodiac cyclonx,10,,0.0,,/marque/[marque]
réinitialiser robot piscine zodiac vortex,10,,0.0,,/marque/[marque]
tuyau pour robot piscine intex,10,,0.0,,/marque/[marque]
tuyau pour robot piscine zodiac,10,,0.0,,/marque/[marque]
tuyau robot piscine zodiac,10,,0.0,,/marque/[marque]
ubbink robot piscine,10,,0.0,,/marque/[marque]
video robot piscine zodiac,10,,0.0,,/marque/[marque]
wybot robot piscine amazon,10,,0.0,,/marque/[marque]
zodiac robot de piscine,10,,0.48,,/marque/[marque]
zodiac robot piscine application,10,,0.0,,/marque/[marque]
meilleur robot piscine,50,,0.0,,/meilleur (page money)
meilleur robot pour piscine,50,,1.09,,/meilleur (page money)
aspirateur piscine avis,30,,0.3,,/meilleur (page money)
meilleures robot piscine,30,,1.09,,/meilleur (page money)
meilleurs robot piscine,30,,1.09,,/meilleur (page money)
meilleurs robots piscine,30,,1.09,,/meilleur (page money)
meilleur aspirateur de piscine,20,,0.37,,/meilleur (page money)
meilleur aspirateur piscine,20,,0.35,,/meilleur (page money)
meilleur aspirateur robot piscine,20,,0.0,,/meilleur (page money)
meilleur balai aspirateur piscine,20,,0.0,,/meilleur (page money)
meilleur balai aspirateur piscine manuel,20,,0.47,,/meilleur (page money)
meilleur balais aspirateur piscine,20,,0.0,,/meilleur (page money)
meilleurs aspirateur piscine,20,,0.0,,/meilleur (page money)
test aspirateur piscine,20,,0.0,,/meilleur (page money)
avis robot piscine,20,,0.78,,/meilleur (page money)
balle filtrante robot piscine avis,20,,0.0,,/meilleur (page money)
comparatif robot de piscine,20,,0.0,,/meilleur (page money)
comparatif robot piscine,20,,1.47,,/meilleur (page money)
le meilleur robot piscine,20,,0.43,,/meilleur (page money)
le meilleur robot pour piscine,20,,0.43,,/meilleur (page money)
les meilleurs robots piscine,20,,0.0,,/meilleur (page money)
meilleur marque robot piscine,20,,0.0,,/meilleur (page money)
meilleur robot de piscine,20,,1.65,,/meilleur (page money)
meilleur robot piscine 2025,20,,0.0,,/meilleur (page money)
meilleurs robots piscine 2025,20,,0.0,,/meilleur (page money)
quel est le meilleur robot de piscine,20,,0.92,,/meilleur (page money)
quel robot piscine choisir,20,,0.62,,/meilleur (page money)
quelle est la meilleure marque de robot de piscine,20,,0.0,,/meilleur (page money)
robot de piscine comparatif,20,,0.0,,/meilleur (page money)
robot piscine avis,20,,0.78,,/meilleur (page money)
robot piscine comparatif,20,,1.47,,/meilleur (page money)
robot piscine lequel choisir,20,,0.43,,/meilleur (page money)
robot piscine test achat,20,,0.0,,/meilleur (page money)
robot piscine top 10,20,,0.0,,/meilleur (page money)
robots de piscine comparatif,20,,0.0,,/meilleur (page money)
test achat robot piscine,20,,0.0,,/meilleur (page money)
test robot piscine,20,,3.89,,/meilleur (page money)
tests robots piscine,20,,3.89,,/meilleur (page money)
top robot piscine,20,,0.0,,/meilleur (page money)
aspirateur piscine comparatif,10,,0.0,,/meilleur (page money)
aspirateur piscine splash avis,10,,0.0,,/meilleur (page money)
aspirateur piscine yzaki avis,10,,0.0,,/meilleur (page money)
avis aspirateur piscine,10,,0.3,,/meilleur (page money)
avis sur piscine aspirant dunand,10,,0.0,,/meilleur (page money)
balai aspirateur piscine aquaway avis,10,,0.0,,/meilleur (page money)
comparatif aspirateur piscine,10,,0.0,,/meilleur (page money)
meilleur aspirateur pour piscine,10,,0.0,,/meilleur (page money)
meilleur robot aspirateur piscine,10,,0.0,,/meilleur (page money)
meilleure aspirateur piscine,10,,0.0,,/meilleur (page money)
piscine aspirant dunand avis,10,,0.0,,/meilleur (page money)
quel aspirateur de piscine choisir,10,,0.0,,/meilleur (page money)
quel aspirateur piscine choisir,10,,0.0,,/meilleur (page money)
quel est le meilleur aspirateur de piscine,10,,0.0,,/meilleur (page money)
top aspirateur piscine,10,,0.0,,/meilleur (page money)
meilleur robot nettoyeur de piscine,10,,0.61,,/meilleur (page money)
meilleur robot nettoyeur piscine,10,,0.87,,/meilleur (page money)
avis robot piscine spino e1,10,,0.0,,/meilleur (page money)
avis robots piscine,10,,0.49,,/meilleur (page money)
avis sur robot piscine,10,,0.78,,/meilleur (page money)
comparatif robot piscine 2025,10,,0.0,,/meilleur (page money)
comparatif robot piscine lesnumeriques,10,,0.0,,/meilleur (page money)
comparatif robots piscine,10,,1.47,,/meilleur (page money)
e robot piscine avis,10,,0.0,,/meilleur (page money)
evercross bot u8 robot piscine avis,10,,0.0,,/meilleur (page money)
le meilleur robot de piscine,10,,0.0,,/meilleur (page money)
les meilleurs robot piscine,10,,0.0,,/meilleur (page money)
les meilleurs robots de piscine,10,,0.0,,/meilleur (page money)
meilleur marque de robot piscine,10,,0.0,,/meilleur (page money)
meilleur robot de piscine 2025,10,,0.0,,/meilleur (page money)
meilleur robot electrique piscine,10,,0.0,,/meilleur (page money)
meilleur robot piscine 2024,10,,0.0,,/meilleur (page money)
meilleur robot piscine 2026,10,,0.72,,/meilleur (page money)
meilleur robot piscine avec fil,10,,0.49,,/meilleur (page money)
meilleur robot piscine electrique,10,,0.0,,/meilleur (page money)
meilleur robot piscine filaire,10,,0.0,,/meilleur (page money)
meilleur robot piscine forum,10,,0.0,,/meilleur (page money)
meilleur robot piscine électrique,10,,0.54,,/meilleur (page money)
meilleure marque robot piscine,10,,0.0,,/meilleur (page money)
meilleure robot piscine,10,,1.09,,/meilleur (page money)
meilleures marques robot piscine,10,,0.0,,/meilleur (page money)
meilleurs robots de piscine,10,,1.07,,/meilleur (page money)
quel est le meilleur robot de piscine actuellement,10,,0.0,,/meilleur (page money)
quel est le meilleur robot piscine,10,,1.28,,/meilleur (page money)
quel est le meilleur robot piscine actuellement,10,,0.0,,/meilleur (page money)
quel est le meilleur robot pour piscine,10,,1.28,,/meilleur (page money)
quel robot de piscine,10,,0.0,,/meilleur (page money)
quel robot de piscine choisir,10,,1.38,,/meilleur (page money)
quel robot piscine,10,,0.0,,/meilleur (page money)
quel robot piscine acheter,10,,0.0,,/meilleur (page money)
quelle est la meilleure marque de robot piscine,10,,0.0,,/meilleur (page money)
quels sont les meilleurs robots de piscine,10,,0.0,,/meilleur (page money)
quels sont les meilleurs robots piscine,10,,0.0,,/meilleur (page money)
robot de piscine avis,10,,0.0,,/meilleur (page money)
robot piscine avis forum,10,,0.0,,/meilleur (page money)
robot piscine avis que choisir,10,,0.0,,/meilleur (page money)
robot piscine comparatif 2025,10,,0.0,,/meilleur (page money)
robot piscine dexton avis,10,,0.0,,/meilleur (page money)
robot piscine le meilleur,10,,1.09,,/meilleur (page money)
robot piscine lidl avis,10,,0.0,,/meilleur (page money)
robot piscine meilleur,10,,1.09,,/meilleur (page money)
robot piscine meilleur marque,10,,0.0,,/meilleur (page money)
robot piscine racer avis,10,,0.0,,/meilleur (page money)
robot piscine racer sprint avis,10,,0.0,,/meilleur (page money)
robot piscine red panther avis,10,,0.0,,/meilleur (page money)
robot piscine test,10,,3.89,,/meilleur (page money)
robot piscine tiger shark avis,10,,0.0,,/meilleur (page money)
robot piscine yzaki 100 avis,10,,0.0,,/meilleur (page money)
robot piscine yzaki 200 avis,10,,0.0,,/meilleur (page money)
robot piscine zx300 avis,10,,0.0,,/meilleur (page money)
robots piscines comparatif,10,,0.68,,/meilleur (page money)
test robot piscine 2026,10,,0.0,,/meilleur (page money)
top 10 robot piscine,10,,0.48,,/meilleur (page money)
ultenic robot piscine pooleco 10s avis,10,,0.0,,/meilleur (page money)
brosse aspirante piscine,40,,0.29,,/pieces/*
brosse aspirante pour piscine,40,,0.29,,/pieces/*
brosse aspirateur piscine,40,,0.29,,/pieces/*
brosse aspirateur pour piscine,30,,0.29,,/pieces/*
brosse aspiration piscine,30,,0.29,,/pieces/*
aspirateur piscine avec filtre,20,,0.34,,/pieces/*
brosse aspirateur piscine intex,20,,0.25,,/pieces/*
brosse piscine aspirateur,20,,0.0,,/pieces/*
filtre aspirateur piscine,20,,0.0,,/pieces/*
filtre aspirateur piscine intex,20,,0.0,,/pieces/*
brosse robot piscine zodiac,20,,0.0,,/pieces/*
chenille pour robot piscine,20,,0.0,,/pieces/*
chenille robot piscine,20,,0.0,,/pieces/*
courroie pour robot piscine,20,,0.0,,/pieces/*
courroie robot piscine,20,,0.0,,/pieces/*
filtre pour robot piscine,20,,0.41,,/pieces/*
filtre pour robot piscine tiger shark,20,,0.0,,/pieces/*
filtre pour robot piscine zodiac,20,,0.32,,/pieces/*
filtre robot piscine,20,,0.41,,/pieces/*
filtre robot piscine dolphin,20,,0.29,,/pieces/*
filtre robot piscine tiger shark,20,,0.0,,/pieces/*
filtre robot piscine zodiac,20,,0.32,,/pieces/*
filtre tiger shark robot piscine,20,,0.0,,/pieces/*
filtres pour robot piscine tiger shark,20,,0.0,,/pieces/*
filtres robot piscine,20,,0.41,,/pieces/*
moteur pour robot piscine,20,,0.0,,/pieces/*
moteur robot piscine,20,,0.0,,/pieces/*
piece detachee robot piscine zodiac,20,,0.0,,/pieces/*
pieces detachees pour robot piscine zodiac,20,,0.0,,/pieces/*
pieces detachees robot piscine zodiac,20,,0.0,,/pieces/*
pièce détachée robot piscine zodiac,20,,0.0,,/pieces/*
pièces détachées robot piscine hayward,20,,0.0,,/pieces/*
pièces détachées robot piscine zodiac,20,,0.0,,/pieces/*
pièces détachées robot piscine zodiac vortex 3,20,,0.0,,/pieces/*
robot piscine hayward pièces détachées,20,,0.19,,/pieces/*
robot piscine zodiac pieces detachees,20,,0.0,,/pieces/*
robot piscine zodiac vortex 3 pièces détachées,20,,0.0,,/pieces/*
aspirateur brosse piscine,10,,0.0,,/pieces/*
aspirateur filtre a sable piscine,10,,0.0,,/pieces/*
aspirateur piscine filtre à cartouche,10,,0.0,,/pieces/*
aspirateur piscine filtre à sable,10,,0.0,,/pieces/*
aspirateur pour filtre a sable piscine,10,,0.0,,/pieces/*
aspirer piscine sans passer par le filtre,10,,0.0,,/pieces/*
balai brosse aspirateur piscine,10,,0.0,,/pieces/*
brosse aspirateur de piscine,10,,0.0,,/pieces/*
brosse aspirateur fond piscine,10,,0.0,,/pieces/*
brosse balai aspirateur piscine manuel,10,,0.0,,/pieces/*
brosse pour aspirateur de piscine,10,,0.0,,/pieces/*
brosse pour aspirateur piscine,10,,0.0,,/pieces/*
brosse pour aspirateur piscine intex,10,,0.0,,/pieces/*
comment aspirer une piscine avec un filtre à sable,10,,0.0,,/pieces/*
filtre aspirateur intex piscine,10,,0.0,,/pieces/*
filtre aspiration piscine,10,,0.0,,/pieces/*
filtre pour aspirateur de piscine,10,,0.0,,/pieces/*
filtre pour aspirateur de piscine intex,10,,0.0,,/pieces/*
filtre pour aspirateur piscine,10,,0.0,,/pieces/*
piece detachee aspirateur piscine intex,10,,0.0,,/pieces/*
pièces détachées aspirateur piscine kokido,10,,0.0,,/pieces/*
préfiltre aspirateur piscine,10,,0.0,,/pieces/*
sac aspirateur piscine,10,,0.0,,/pieces/*
bloc moteur robot piscine zodiac,10,,0.0,,/pieces/*
brosse pour robot piscine,10,,0.0,,/pieces/*
brosse robot piscine,10,,0.0,,/pieces/*
chenille robot piscine zodiac,10,,0.0,,/pieces/*
dolphin robot piscine pièces détachées,10,,0.35,,/pieces/*
filtre pour robot piscine dolphin,10,,0.29,,/pieces/*
filtre robot piscine aiper,10,,0.0,,/pieces/*
filtre robot piscine dolphin e10,10,,0.0,,/pieces/*
filtre robot piscine hayward,10,,0.0,,/pieces/*
filtre robot piscine shark,10,,0.0,,/pieces/*
flotteur cable robot piscine,10,,0.0,,/pieces/*
flotteur pour cable robot piscine,10,,0.0,,/pieces/*
flotteur pour robot piscine,10,,0.0,,/pieces/*
moteur robot piscine zodiac,10,,0.0,,/pieces/*
moteur robot piscine zodiac rc 4400,10,,0.0,,/pieces/*
nettoyer filtre robot piscine,10,,0.0,,/pieces/*
piece detachee pour robot piscine dolphin,10,,0.0,,/pieces/*
piece detachee robot piscine,10,,0.29,,/pieces/*
piece detachee robot piscine dolphin,10,,0.0,,/pieces/*
piece detachee robot piscine zodiac vortex 3,10,,0.0,,/pieces/*
piece pour robot piscine zodiac,10,,0.15,,/pieces/*
piece robot piscine,10,,0.0,,/pieces/*
piece robot piscine zodiac,10,,0.22,,/pieces/*
pieces detachees pour robot piscine dolphin,10,,0.0,,/pieces/*
pieces detachees pour robot piscine hayward,10,,0.0,,/pieces/*
pieces detachees pour robot piscine tiger shark,10,,0.29,,/pieces/*
pieces detachees pour robot piscine zodiac indigo,10,,0.0,,/pieces/*
pieces detachees robot piscine,10,,0.0,,/pieces/*
pieces detachees robot piscine aquabot,10,,0.0,,/pieces/*
pieces detachees robot piscine dolphin,10,,0.0,,/pieces/*
pieces detachees robot piscine tiger shark,10,,0.0,,/pieces/*
pieces detachees robot piscine zodiac indigo,10,,0.0,,/pieces/*
pieces detachees robot piscine zodiac mx8,10,,0.0,,/pieces/*
pieces detachees tiger shark robot piscine,10,,0.0,,/pieces/*
pieces robot piscine,10,,0.0,,/pieces/*
pièce détachée robot piscine,10,,0.0,,/pieces/*
pièces détachées robot piscine aquabot,10,,0.0,,/pieces/*
pièces détachées robot piscine bwt,10,,0.0,,/pieces/*
pièces détachées robot piscine hayward evac pro,10,,0.0,,/pieces/*
pièces détachées robot piscine intex,10,,0.0,,/pieces/*
pièces détachées robot piscine polaris,10,,0.0,,/pieces/*
pièces détachées robot piscine zodiac mx8,10,,0.0,,/pieces/*
pièces détachées robot piscine zodiac vortex 2,10,,0.0,,/pieces/*
polaris robot piscine pièces détachées,10,,0.0,,/pieces/*
robot filtre piscine,10,,0.0,,/pieces/*
robot piscine 8streme 7310 pièces détachées,10,,0.0,,/pieces/*
robot piscine bestway frisbee pièces détachées,10,,0.0,,/pieces/*
robot piscine brosse rotative,10,,0.0,,/pieces/*
robot piscine chenille,10,,0.0,,/pieces/*
robot piscine delta 200 pieces detachees,10,,0.0,,/pieces/*
robot piscine dolphin filtre,10,,0.0,,/pieces/*
robot piscine dolphin zenit 20 pieces detachees,10,,0.0,,/pieces/*
robot piscine filtre,10,,0.0,,/pieces/*
robot piscine hayward pieces detachees,10,,0.0,,/pieces/*
robot piscine hayward tiger shark pieces detachees,10,,0.0,,/pieces/*
robot piscine intex zx300 pièces détachées,10,,0.0,,/pieces/*
robot piscine pieces detachees,10,,0.29,,/pieces/*
robot piscine tiger shark pièces détachées,10,,0.29,,/pieces/*
robot piscine victor pièces détachées,10,,0.0,,/pieces/*
robot piscine zodiac cybernaut nt pieces detachees,10,,0.0,,/pieces/*
robot piscine zodiac filtre,10,,0.0,,/pieces/*
robot piscine zodiac indigo pieces detachees,10,,0.0,,/pieces/*
robot piscine zodiac piece detachee,10,,0.0,,/pieces/*
sac filtrant robot piscine,10,,0.0,,/pieces/*
sac robot piscine,10,,0.0,,/pieces/*
tiger shark robot piscine pièces détachées,10,,0.29,,/pieces/*
tigershark robot piscine pièces détachées,10,,0.0,,/pieces/*
zodiac robot piscine pieces detachees,10,,0.0,,/pieces/*
aspirateur piscine fonctionnement,20,,0.0,,/probleme/*
probleme robot piscine dolphin,20,,0.0,,/probleme/*
robot piscine zodiac erreur 10,20,,0.0,,/probleme/*
robot piscine zodiac voyant i clignote,20,,0.0,,/probleme/*
réparation câble robot piscine,20,,0.0,,/probleme/*
réparation robot piscine zodiac,20,,0.0,,/probleme/*
transformateur pour robot piscine,20,,0.0,,/probleme/*
transformateur robot piscine,20,,0.0,,/probleme/*
transformateur robot piscine en panne,20,,0.0,,/probleme/*
zodiac robot piscine erreur 10,20,,0.0,,/probleme/*
aspirateur de piscine fonctionnement,10,,0.0,,/probleme/*
aspirateur piscine intex ne fonctionne pas,10,,0.0,,/probleme/*
aspirateur piscine intex ne fonctionne plus,10,,0.0,,/probleme/*
pompe piscine fonctionne mais n'aspire plus,10,,0.0,,/probleme/*
débloquer robot piscine,10,,0.0,,/probleme/*
mon robot piscine ne fonctionne plus,10,,0.0,,/probleme/*
mon robot piscine ne monte plus sur les parois,10,,0.0,,/probleme/*
panne robot piscine,10,,0.0,,/probleme/*
panne robot piscine dolphin,10,,0.0,,/probleme/*
panne robot piscine zodiac,10,,0.0,,/probleme/*
panne robot piscine zodiac cyclonx,10,,0.0,,/probleme/*
problème robot piscine bestway,10,,0.0,,/probleme/*
problème robot piscine zodiac,10,,0.0,,/probleme/*
problème sur robot tiger shark pour piscine,10,,0.0,,/probleme/*
reparer cable robot piscine,10,,0.0,,/probleme/*
reparer robot piscine,10,,0.0,,/probleme/*
reparer robot piscine dolphin,10,,0.0,,/probleme/*
robot piscine bwt p500 problème,10,,0.0,,/probleme/*
robot piscine fonctionnement,10,,0.0,,/probleme/*
robot piscine intex zx300 ne fonctionne pas,10,,0.0,,/probleme/*
robot piscine ne demarre pas,10,,0.0,,/probleme/*
robot piscine ne fonctionne plus,10,,0.0,,/probleme/*
robot piscine ne monte plus aux parois,10,,0.0,,/probleme/*
robot piscine zodiac code erreur 10,10,,0.0,,/probleme/*
robot piscine zodiac en panne,10,,0.0,,/probleme/*
robot piscine zodiac erreur 02,10,,0.0,,/probleme/*
robot piscine zodiac i clignote,10,,0.0,,/probleme/*
robot piscine zodiac indigo panne,10,,0.0,,/probleme/*
robot piscine zodiac ne demarre plus,10,,0.0,,/probleme/*
robot piscine zodiac panne,10,,0.0,,/probleme/*
robot piscine zodiac probleme,10,,0.0,,/probleme/*
robot piscine zodiac voyant rouge clignote,10,,0.0,,/probleme/*
robot zodiac piscine panne,10,,0.0,,/probleme/*
réparateur de robot de piscine,10,,0.0,,/probleme/*
réparation de robot de piscine,10,,0.0,,/probleme/*
réparation robot de piscine,10,,0.0,,/probleme/*
réparation robot piscine,10,,1.04,,/probleme/*
réparation robot piscine autour de moi,10,,0.0,,/probleme/*
réparation robot piscine dolphin,10,,0.0,,/probleme/*
réparation robot piscine hayward,10,,0.0,,/probleme/*
réparation robot piscine tiger shark,10,,0.0,,/probleme/*
réparation robot piscine zodiac vortex 3,10,,0.0,,/probleme/*
transformateur robot piscine dolphin,10,,0.0,,/probleme/*
robot piscine,1000,14.0,0.73,Informational,HOME — tête 'robot piscine'
piscine robot,590,15.0,0.53,Informational,HOME — tête 'robot piscine'
robot pour piscine,260,8.0,0.53,"Informational, Transactional",HOME — tête 'robot piscine'
robot aspirateur piscine,110,10.0,0.43,Informational,HOME — tête 'robot piscine'
robot de piscine,110,9.0,0.49,Commercial,HOME — tête 'robot piscine'
aspirateur robot piscine,90,,0.5,,HOME — tête 'robot piscine'
aspirateur robot pour piscine,90,,0.5,,HOME — tête 'robot piscine'
aspirateur piscine robot,70,,0.5,,HOME — tête 'robot piscine'
robot nettoyeur piscine,70,,0.61,,HOME — tête 'robot piscine'
robot piscine nettoyage,70,,0.61,,HOME — tête 'robot piscine'
robot aspirateur pour piscine,50,,0.5,,HOME — tête 'robot piscine'
nettoyage piscine robot,50,,0.61,,HOME — tête 'robot piscine'
robot piscine belgique,40,,0.83,,HOME — tête 'robot piscine'
robot piscine seauto,40,,0.49,,HOME — tête 'robot piscine'
piscine robot nettoyeur,30,,0.37,,HOME — tête 'robot piscine'
aspirateur automatique piscine,20,,0.55,,HOME — tête 'robot piscine'
aspirateur automatique pour piscine,20,,0.55,,HOME — tête 'robot piscine'
aspirateur de piscine robot,20,,0.6,,HOME — tête 'robot piscine'
aspirateur piscine automatique,20,,0.55,,HOME — tête 'robot piscine'
aspirateur robot de piscine,20,,0.6,,HOME — tête 'robot piscine'
robot aspirateur de piscine,20,,0.6,,HOME — tête 'robot piscine'
nettoyeur automatique de piscine,20,,0.0,,HOME — tête 'robot piscine'
nettoyeur de piscine automatique,20,,0.0,,HOME — tête 'robot piscine'
robot nettoyeur de piscine,20,,0.55,,HOME — tête 'robot piscine'
aqua power robot piscine,20,,0.0,,HOME — tête 'robot piscine'
aquabot robot piscine,20,,0.0,,HOME — tête 'robot piscine'
aquacontrol robot piscine,20,,0.0,,HOME — tête 'robot piscine'
balle filtrante robot piscine,20,,0.31,,HOME — tête 'robot piscine'
cable robot piscine,20,,0.0,,HOME — tête 'robot piscine'
cash piscine robot,20,,0.93,,HOME — tête 'robot piscine'
combien coûte un robot de piscine,20,,0.0,,HOME — tête 'robot piscine'
comparaison robot piscine,20,,0.0,,HOME — tête 'robot piscine'
cosmy robot piscine,20,,0.0,,HOME — tête 'robot piscine'
crochet robot piscine,20,,0.0,,HOME — tête 'robot piscine'
destockage robot piscine,20,,0.42,,HOME — tête 'robot piscine'
e robot piscine,20,,0.0,,HOME — tête 'robot piscine'
hexagone robot piscine,20,,0.0,,HOME — tête 'robot piscine'
kwadoo robot piscine,20,,0.0,,HOME — tête 'robot piscine'
leroy merlin robot piscine,20,,0.0,,HOME — tête 'robot piscine'
mariner robot piscine,20,,0.0,,HOME — tête 'robot piscine'
marque robot piscine,20,,0.0,,HOME — tête 'robot piscine'
marques robot piscine,20,,0.0,,HOME — tête 'robot piscine'
mini robot piscine,20,,0.0,,HOME — tête 'robot piscine'
niya robot piscine,20,,0.81,,HOME — tête 'robot piscine'
petit robot piscine,20,,0.43,,HOME — tête 'robot piscine'
piscina robot,20,,0.0,,HOME — tête 'robot piscine'
piscina robots review,20,,0.0,,HOME — tête 'robot piscine'
reparation carte electronique robot piscine,20,,0.0,,HOME — tête 'robot piscine'
robot automatique piscine,20,,0.0,,HOME — tête 'robot piscine'
robot automatique pour piscine,20,,0.0,,HOME — tête 'robot piscine'
robot cash piscine,20,,0.0,,HOME — tête 'robot piscine'
robot de nettoyage piscine,20,,0.55,,HOME — tête 'robot piscine'
robot de piscina,20,,0.0,,HOME — tête 'robot piscine'
robot electrique piscine,20,,0.95,,HOME — tête 'robot piscine'
robot electrique pour piscine,20,,0.31,,HOME — tête 'robot piscine'
robot laveur piscine,20,,0.63,,HOME — tête 'robot piscine'
robot para piscinas,20,,0.0,,HOME — tête 'robot piscine'
robot per piscina,20,,0.0,,HOME — tête 'robot piscine'
robot piscina,20,,0.48,,HOME — tête 'robot piscine'
robot piscine 60 millions de consommateur,20,,0.0,,HOME — tête 'robot piscine'
robot piscine 8streme,20,,0.0,,HOME — tête 'robot piscine'
robot piscine aquabot,20,,0.0,,HOME — tête 'robot piscine'
robot piscine astralpool h5 duo,20,,0.0,,HOME — tête 'robot piscine'
robot piscine automatique,20,,0.0,,HOME — tête 'robot piscine'
robot piscine autoportée,20,,0.0,,HOME — tête 'robot piscine'
robot piscine avec fil,20,,0.47,,HOME — tête 'robot piscine'
robot piscine cash piscine,20,,0.3,,HOME — tête 'robot piscine'
robot piscine dauphin,20,,0.0,,HOME — tête 'robot piscine'
robot piscine desjoyaux,20,,0.0,,HOME — tête 'robot piscine'
robot piscine destockage,20,,0.0,,HOME — tête 'robot piscine'
robot piscine electrique,20,,0.95,,HOME — tête 'robot piscine'
robot piscine electro depot,20,,0.63,,HOME — tête 'robot piscine'
robot piscine fil,20,,0.0,,HOME — tête 'robot piscine'
robot piscine filaire,20,,0.86,,HOME — tête 'robot piscine'
robot piscine france,20,,0.0,,HOME — tête 'robot piscine'
robot piscine hexagone,20,,0.0,,HOME — tête 'robot piscine'
robot piscine inverx,20,,0.0,,HOME — tête 'robot piscine'
robot piscine kwadoo,20,,0.0,,HOME — tête 'robot piscine'
robot piscine liberty 200,20,,0.0,,HOME — tête 'robot piscine'
robot piscine manga,20,,0.0,,HOME — tête 'robot piscine'
robot piscine marque,20,,0.0,,HOME — tête 'robot piscine'
robot piscine naturelle,20,,0.57,,HOME — tête 'robot piscine'
robot piscine pro,20,,0.0,,HOME — tête 'robot piscine'
robot piscine scuba s1 pro,20,,0.0,,HOME — tête 'robot piscine'
robot piscine shark,20,,0.33,,HOME — tête 'robot piscine'
robot piscine tiger shark,20,,0.47,,HOME — tête 'robot piscine'
robot piscine victor,20,,0.0,,HOME — tête 'robot piscine'
robot piscine virtuoso v300,20,,0.0,,HOME — tête 'robot piscine'
robot piscine warrior,20,,0.0,,HOME — tête 'robot piscine'
robot piscine waterair,20,,0.0,,HOME — tête 'robot piscine'
robot piscine yzaki,20,,0.42,,HOME — tête 'robot piscine'
robot piscine z1 pro,20,,0.0,,HOME — tête 'robot piscine'
robot piscine zenit 20,20,,0.0,,HOME — tête 'robot piscine'
robot piscine électrique,20,,0.95,,HOME — tête 'robot piscine'
robot pour piscine autoportée,20,,0.0,,HOME — tête 'robot piscine'
robot pour piscine waterair,20,,0.0,,HOME — tête 'robot piscine'
robot pour piscines,20,,0.0,,HOME — tête 'robot piscine'
robot shark piscine,20,,0.0,,HOME — tête 'robot piscine'
robot victor piscine,20,,0.0,,HOME — tête 'robot piscine'
robots de piscine,20,,1.0,,HOME — tête 'robot piscine'
robots piscine,20,,1.0,,HOME — tête 'robot piscine'
seauto robot piscine,20,,0.0,,HOME — tête 'robot piscine'
système anti torsion câble robot piscine,20,,0.0,,HOME — tête 'robot piscine'
tiger shark robot piscine,20,,0.0,,HOME — tête 'robot piscine'
tigershark robot piscine,20,,0.0,,HOME — tête 'robot piscine'
transfo robot piscine,20,,0.0,,HOME — tête 'robot piscine'
ultenic robot piscine,20,,0.0,,HOME — tête 'robot piscine'
victor robot piscine,20,,0.0,,HOME — tête 'robot piscine'
waterair robot piscine,20,,0.0,,HOME — tête 'robot piscine'
yzaki robot piscine,20,,0.0,,HOME — tête 'robot piscine'
zenit 20 robot piscine,20,,0.0,,HOME — tête 'robot piscine'
aspirateur automatique de piscine,10,,0.0,,HOME — tête 'robot piscine'
aspirateur de piscine automatique,10,,0.0,,HOME — tête 'robot piscine'
aspirateur ou robot piscine,10,,0.0,,HOME — tête 'robot piscine'
aspirateur robot piscine electrique,10,,0.0,,HOME — tête 'robot piscine'
mini robot aspirateur piscine,10,,0.0,,HOME — tête 'robot piscine'
robot aspirateur cash piscine,10,,0.0,,HOME — tête 'robot piscine'
robot aspirateur electrique piscine,10,,0.0,,HOME — tête 'robot piscine'
robot aspirateur laveur piscine,10,,0.4,,HOME — tête 'robot piscine'
robot aspirateur piscine electrique,10,,0.0,,HOME — tête 'robot piscine'
robot aspirateur piscine electro depot,10,,0.0,,HOME — tête 'robot piscine'
robot aspirateur piscine ronde,10,,0.0,,HOME — tête 'robot piscine'
robot ou aspirateur piscine,10,,0.0,,HOME — tête 'robot piscine'
robot piscine aspiration,10,,0.59,,HOME — tête 'robot piscine'
robot piscine par aspiration,10,,0.0,,HOME — tête 'robot piscine'
robot piscine sur aspiration,10,,0.59,,HOME — tête 'robot piscine'
nettoyeur automatique piscine,10,,0.0,,HOME — tête 'robot piscine'
nettoyeur piscine automatique,10,,0.0,,HOME — tête 'robot piscine'
nettoyeur robot piscine,10,,0.0,,HOME — tête 'robot piscine'
robot nettoyeur de piscines,10,,0.43,,HOME — tête 'robot piscine'
robot nettoyeur pour piscine,10,,0.54,,HOME — tête 'robot piscine'
robots nettoyeur piscine,10,,0.61,,HOME — tête 'robot piscine'
robots nettoyeurs piscine,10,,0.54,,HOME — tête 'robot piscine'
8streme robot piscine,10,,0.0,,HOME — tête 'robot piscine'
a quelle temperature peut on mettre le robot piscine,10,,0.0,,HOME — tête 'robot piscine'
abri pour robot piscine,10,,0.0,,HOME — tête 'robot piscine'
abri robot piscine,10,,0.0,,HOME — tête 'robot piscine'
accessoire robot piscine,10,,0.0,,HOME — tête 'robot piscine'
accessoires robot piscine,10,,0.0,,HOME — tête 'robot piscine'
achat robot piscine,10,,0.0,,HOME — tête 'robot piscine'
alimentation robot piscine,10,,0.0,,HOME — tête 'robot piscine'
application robot piscine,10,,0.0,,HOME — tête 'robot piscine'
aquaneed pour robot piscine,10,,0.0,,HOME — tête 'robot piscine'
aquatron robot piscine,10,,0.0,,HOME — tête 'robot piscine'
aquavac robot piscine,10,,0.62,,HOME — tête 'robot piscine'
aspirador robot piscina,10,,0.0,,HOME — tête 'robot piscine'
astralpool robot piscine,10,,0.68,,HOME — tête 'robot piscine'
azialo robot piscine,10,,0.0,,HOME — tête 'robot piscine'
balle pour robot piscine,10,,0.0,,HOME — tête 'robot piscine'
balles filtrantes robot piscine,10,,0.0,,HOME — tête 'robot piscine'
boitier robot piscine,10,,0.0,,HOME — tête 'robot piscine'
boule coton pour robot piscine,10,,0.0,,HOME — tête 'robot piscine'
boule filtrante robot piscine,10,,0.0,,HOME — tête 'robot piscine'
boule pour robot piscine,10,,0.0,,HOME — tête 'robot piscine'
boules filtrantes robot piscine,10,,0.0,,HOME — tête 'robot piscine'
cable pour robot piscine,10,,0.0,,HOME — tête 'robot piscine'
carte electronique robot piscine,10,,0.0,,HOME — tête 'robot piscine'
cash piscine robot piscine,10,,0.3,,HOME — tête 'robot piscine'
cash piscines robot,10,,0.0,,HOME — tête 'robot piscine'
chargeur pour robot piscine,10,,0.0,,HOME — tête 'robot piscine'
chargeur robot piscine,10,,0.0,,HOME — tête 'robot piscine'
chargeur robot piscine racer neo,10,,0.0,,HOME — tête 'robot piscine'
chargeur robot piscine yzaki,10,,0.0,,HOME — tête 'robot piscine'
chargeur robot piscine yzaki 200,10,,0.0,,HOME — tête 'robot piscine'
chariot pour robot piscine,10,,0.0,,HOME — tête 'robot piscine'
chariot robot piscine,10,,0.0,,HOME — tête 'robot piscine'
chariot robot piscine universel,10,,0.0,,HOME — tête 'robot piscine'
coasteering robot piscine,10,,0.0,,HOME — tête 'robot piscine'
combien de balle filtrante dans robot piscine,10,,0.0,,HOME — tête 'robot piscine'
comparateur robot piscine,10,,0.0,,HOME — tête 'robot piscine'
comparer robot piscine,10,,0.68,,HOME — tête 'robot piscine'
consommation robot piscine,10,,0.0,,HOME — tête 'robot piscine'
cora robot piscine,10,,0.0,,HOME — tête 'robot piscine'
crochet pour attraper robot piscine,10,,0.0,,HOME — tête 'robot piscine'
crochet pour robot piscine,10,,0.0,,HOME — tête 'robot piscine'
crochet pour récupérer robot piscine,10,,0.0,,HOME — tête 'robot piscine'
delta 200 robot piscine,10,,0.0,,HOME — tête 'robot piscine'
desjoyaux robot piscine,10,,0.0,,HOME — tête 'robot piscine'
dexton robot piscine,10,,0.0,,HOME — tête 'robot piscine'
dirt devil robot piscine,10,,0.0,,HOME — tête 'robot piscine'
dream robot piscine,10,,0.82,,HOME — tête 'robot piscine'
duree de vie d un robot piscine,10,,0.0,,HOME — tête 'robot piscine'
duree de vie robot piscine,10,,0.0,,HOME — tête 'robot piscine'
déstockage robot piscine,10,,0.42,,HOME — tête 'robot piscine'
ecovacs robot piscine,10,,0.55,,HOME — tête 'robot piscine'
electro depot robot piscine,10,,0.42,,HOME — tête 'robot piscine'
evercross bot u8 robot piscine,10,,0.73,,HOME — tête 'robot piscine'
finesse de filtration robot piscine,10,,0.0,,HOME — tête 'robot piscine'
forum robot piscine,10,,0.0,,HOME — tête 'robot piscine'
gre robot piscine,10,,0.0,,HOME — tête 'robot piscine'
housse pour robot piscine,10,,0.0,,HOME — tête 'robot piscine'
housse robot piscine,10,,0.0,,HOME — tête 'robot piscine'
indigo robot piscine,10,,0.0,,HOME — tête 'robot piscine'
inse robot piscine,10,,0.0,,HOME — tête 'robot piscine'
les numériques robot piscine,10,,0.0,,HOME — tête 'robot piscine'
liberty 300 robot piscine,10,,0.0,,HOME — tête 'robot piscine'
lift system robot piscine,10,,0.0,,HOME — tête 'robot piscine'
lingette dans robot piscine,10,,0.0,,HOME — tête 'robot piscine'
lingette robot piscine,10,,0.0,,HOME — tête 'robot piscine'
lingette swiffer dans robot piscine,10,,0.0,,HOME — tête 'robot piscine'
marque de robot de piscine,10,,0.0,,HOME — tête 'robot piscine'
marque de robot piscine,10,,1.44,,HOME — tête 'robot piscine'
mce robot piscine,10,,0.0,,HOME — tête 'robot piscine'
medoxa robot piscine,10,,0.0,,HOME — tête 'robot piscine'
mejores robot limpia piscinas,10,,0.0,,HOME — tête 'robot piscine'
mon robot piscine n'avance plus,10,,0.0,,HOME — tête 'robot piscine'
mousse pour robot piscine,10,,0.0,,HOME — tête 'robot piscine'
mousse robot piscine,10,,0.0,,HOME — tête 'robot piscine'
mova robot piscine,10,,1.35,,HOME — tête 'robot piscine'
pentair robot piscine,10,,0.0,,HOME — tête 'robot piscine'
petit robot de piscine,10,,0.0,,HOME — tête 'robot piscine'
petit robot pour piscine,10,,0.0,,HOME — tête 'robot piscine'
peut on laisser le robot dans la piscine,10,,0.0,,HOME — tête 'robot piscine'
peut on se baigner avec le robot dans la piscine,10,,0.0,,HOME — tête 'robot piscine'
piscina robots,10,,0.0,,HOME — tête 'robot piscine'
piscine avec robot,10,,0.0,,HOME — tête 'robot piscine'
piscine online robot,10,,0.0,,HOME — tête 'robot piscine'
piscine robot electrique,10,,0.95,,HOME — tête 'robot piscine'
poolpure robot piscine,10,,0.0,,HOME — tête 'robot piscine'
pourquoi mon robot piscine ne passe pas partout,10,,0.0,,HOME — tête 'robot piscine'
pourquoi mon robot piscine se cabre,10,,0.0,,HOME — tête 'robot piscine'
power supply robot piscine,10,,0.0,,HOME — tête 'robot piscine'
prise robot piscine,10,,0.0,,HOME — tête 'robot piscine'
procopi robot piscine,10,,0.0,,HOME — tête 'robot piscine'
racer matrix robot piscine,10,,0.0,,HOME — tête 'robot piscine'
racer robot piscine,10,,0.41,,HOME — tête 'robot piscine'
rangement robot piscine,10,,0.0,,HOME — tête 'robot piscine'
red panther robot piscine,10,,0.0,,HOME — tête 'robot piscine'
reparateur robot de piscine,10,,0.0,,HOME — tête 'robot piscine'
reparation de robot piscine,10,,0.0,,HOME — tête 'robot piscine'
reparation robot piscine,10,,1.04,,HOME — tête 'robot piscine'
revendeur robot piscine,10,,0.0,,HOME — tête 'robot piscine'
robot bache piscine,10,,0.0,,HOME — tête 'robot piscine'
robot coccinelle piscine,10,,0.0,,HOME — tête 'robot piscine'
robot de nettoyage de piscine,10,,0.55,,HOME — tête 'robot piscine'
robot de nettoyage pour piscine,10,,0.55,,HOME — tête 'robot piscine'
robot de piscina sem fios,10,,0.0,,HOME — tête 'robot piscine'
robot de piscine aquabot,10,,0.0,,HOME — tête 'robot piscine'
robot de piscine avec fil,10,,0.77,,HOME — tête 'robot piscine'
robot de piscine cash piscine,10,,0.0,,HOME — tête 'robot piscine'
robot de piscine electrique,10,,0.0,,HOME — tête 'robot piscine'
robot de piscine filaire,10,,0.0,,HOME — tête 'robot piscine'
robot de piscine guppy,10,,0.0,,HOME — tête 'robot piscine'
robot de piscine professionnel,10,,0.0,,HOME — tête 'robot piscine'
robot de piscine racer,10,,0.0,,HOME — tête 'robot piscine'
robot de piscine tiger shark,10,,0.0,,HOME — tête 'robot piscine'
robot de piscine victor,10,,0.0,,HOME — tête 'robot piscine'
robot de piscine yzaki,10,,0.0,,HOME — tête 'robot piscine'
robot de piscine zx300,10,,0.0,,HOME — tête 'robot piscine'
robot ecumeur piscine,10,,0.0,,HOME — tête 'robot piscine'
robot electrique de piscine,10,,0.0,,HOME — tête 'robot piscine'
robot enrouleur bache piscine,10,,0.0,,HOME — tête 'robot piscine'
robot filaire piscine,10,,0.0,,HOME — tête 'robot piscine'
robot lavage piscine,10,,0.0,,HOME — tête 'robot piscine'
robot laveur de piscine,10,,0.0,,HOME — tête 'robot piscine'
robot limpia piscinas,10,,0.0,,HOME — tête 'robot piscine'
robot mecanique piscine,10,,0.0,,HOME — tête 'robot piscine'
robot mini piscine,10,,0.0,,HOME — tête 'robot piscine'
robot nettoyage piscine,10,,0.61,,HOME — tête 'robot piscine'
robot ouverture bache piscine,10,,0.0,,HOME — tête 'robot piscine'
robot per pulire piscina,10,,0.0,,HOME — tête 'robot piscine'
robot per pulizia piscina,10,,0.0,,HOME — tête 'robot piscine'
robot piscina fuori terra,10,,0.0,,HOME — tête 'robot piscine'
robot piscina media markt,10,,0.0,,HOME — tête 'robot piscine'
robot piscina senza fili,10,,0.0,,HOME — tête 'robot piscine'
robot piscine 2025,10,,0.0,,HOME — tête 'robot piscine'
robot piscine 2026,10,,0.0,,HOME — tête 'robot piscine'
robot piscine 20m2,10,,0.0,,HOME — tête 'robot piscine'
robot piscine 20m3,10,,0.0,,HOME — tête 'robot piscine'
robot piscine 30m3,10,,0.0,,HOME — tête 'robot piscine'
robot piscine 35m3,10,,0.0,,HOME — tête 'robot piscine'
robot piscine 5 en 1,10,,0.0,,HOME — tête 'robot piscine'
robot piscine 50m2,10,,0.0,,HOME — tête 'robot piscine'
robot piscine 50m3,10,,0.0,,HOME — tête 'robot piscine'
robot piscine 8streme 7310,10,,0.0,,HOME — tête 'robot piscine'
robot piscine 8x4,10,,0.0,,HOME — tête 'robot piscine'
robot piscine a vendre,10,,0.0,,HOME — tête 'robot piscine'
robot piscine aqua,10,,0.0,,HOME — tête 'robot piscine'
robot piscine aqua power,10,,0.0,,HOME — tête 'robot piscine'
robot piscine aquadrift,10,,0.0,,HOME — tête 'robot piscine'
robot piscine aquarover,10,,0.0,,HOME — tête 'robot piscine'
robot piscine aquasense,10,,0.0,,HOME — tête 'robot piscine'
robot piscine aquatron,10,,0.0,,HOME — tête 'robot piscine'
robot piscine aquavac,10,,0.62,,HOME — tête 'robot piscine'
robot piscine astral,10,,0.0,,HOME — tête 'robot piscine'
robot piscine astralpool,10,,0.68,,HOME — tête 'robot piscine'
robot piscine au sel,10,,0.0,,HOME — tête 'robot piscine'
robot piscine auchan,10,,0.0,,HOME — tête 'robot piscine'
robot piscine avec cable,10,,0.0,,HOME — tête 'robot piscine'
robot piscine avec cable anti torsion,10,,0.0,,HOME — tête 'robot piscine'
robot piscine avec chariot,10,,0.0,,HOME — tête 'robot piscine'
robot piscine avec fil electrique,10,,0.0,,HOME — tête 'robot piscine'
robot piscine avignon,10,,0.0,,HOME — tête 'robot piscine'
robot piscine beziers,10,,0.0,,HOME — tête 'robot piscine'
robot piscine black friday,10,,0.0,,HOME — tête 'robot piscine'
robot piscine blue rebel,10,,0.0,,HOME — tête 'robot piscine'
robot piscine bois,10,,0.0,,HOME — tête 'robot piscine'
robot piscine botia 2,10,,0.0,,HOME — tête 'robot piscine'
robot piscine cabesto,10,,0.0,,HOME — tête 'robot piscine'
robot piscine cash piscine yzaki,10,,0.0,,HOME — tête 'robot piscine'
robot piscine castorama,10,,0.0,,HOME — tête 'robot piscine'
robot piscine center,10,,0.0,,HOME — tête 'robot piscine'
robot piscine cf,10,,0.0,,HOME — tête 'robot piscine'
robot piscine cf 1000 pro,10,,0.0,,HOME — tête 'robot piscine'
robot piscine cf 400 cl,10,,0.0,,HOME — tête 'robot piscine'
robot piscine chinois,10,,0.78,,HOME — tête 'robot piscine'
robot piscine coasteering,10,,0.0,,HOME — tête 'robot piscine'
robot piscine coasteering planet pro,10,,0.0,,HOME — tête 'robot piscine'
robot piscine coccinelle,10,,0.0,,HOME — tête 'robot piscine'
robot piscine combien de fois par semaine,10,,0.0,,HOME — tête 'robot piscine'
robot piscine connecté,10,,0.0,,HOME — tête 'robot piscine'
robot piscine cora,10,,0.0,,HOME — tête 'robot piscine'
robot piscine cosmy,10,,0.0,,HOME — tête 'robot piscine'
robot piscine cosmy 250,10,,0.0,,HOME — tête 'robot piscine'
robot piscine coyote,10,,0.0,,HOME — tête 'robot piscine'
robot piscine cybernaut,10,,0.0,,HOME — tête 'robot piscine'
robot piscine cybernaut nt,10,,0.0,,HOME — tête 'robot piscine'
robot piscine delta 100,10,,0.0,,HOME — tête 'robot piscine'
robot piscine delta 200,10,,0.0,,HOME — tête 'robot piscine'
robot piscine delta rx 200,10,,0.0,,HOME — tête 'robot piscine'
robot piscine dexton fast,10,,0.0,,HOME — tête 'robot piscine'
robot piscine dexton riff,10,,0.0,,HOME — tête 'robot piscine'
robot piscine dirt devil,10,,0.0,,HOME — tête 'robot piscine'
robot piscine eau froide,10,,0.0,,HOME — tête 'robot piscine'
robot piscine ecovacs,10,,1.04,,HOME — tête 'robot piscine'
robot piscine efficace,10,,0.0,,HOME — tête 'robot piscine'
robot piscine electrique filaire,10,,0.0,,HOME — tête 'robot piscine'
robot piscine en même temps que la filtration,10,,0.0,,HOME — tête 'robot piscine'
robot piscine espagne,10,,0.0,,HOME — tête 'robot piscine'
robot piscine faut il arrêter la filtration,10,,0.0,,HOME — tête 'robot piscine'
robot piscine fiable,10,,0.39,,HOME — tête 'robot piscine'
robot piscine filtration ultra fine,10,,0.81,,HOME — tête 'robot piscine'
robot piscine flowclear,10,,0.0,,HOME — tête 'robot piscine'
robot piscine forum,10,,0.0,,HOME — tête 'robot piscine'
robot piscine freerider,10,,0.0,,HOME — tête 'robot piscine'
robot piscine frisbee,10,,0.0,,HOME — tête 'robot piscine'
robot piscine gifi,10,,0.0,,HOME — tête 'robot piscine'
robot piscine gre,10,,0.26,,HOME — tête 'robot piscine'
robot piscine guppy,10,,0.0,,HOME — tête 'robot piscine'
robot piscine haut de gamme,10,,0.52,,HOME — tête 'robot piscine'
robot piscine hiver,10,,0.0,,HOME — tête 'robot piscine'
robot piscine hyper,10,,0.0,,HOME — tête 'robot piscine'
robot piscine ia,10,,0.0,,HOME — tête 'robot piscine'
robot piscine igarden,10,,0.75,,HOME — tête 'robot piscine'
robot piscine indigo,10,,0.0,,HOME — tête 'robot piscine'
robot piscine intelligence artificielle,10,,0.0,,HOME — tête 'robot piscine'
robot piscine intelligent,10,,0.0,,HOME — tête 'robot piscine'
robot piscine interline,10,,0.0,,HOME — tête 'robot piscine'
robot piscine karcher,10,,0.0,,HOME — tête 'robot piscine'
robot piscine le plus fiable,10,,0.49,,HOME — tête 'robot piscine'
robot piscine le plus performant,10,,0.0,,HOME — tête 'robot piscine'
robot piscine leon,10,,0.0,,HOME — tête 'robot piscine'
robot piscine leroy merlin,10,,0.0,,HOME — tête 'robot piscine'
robot piscine liberty,10,,0.0,,HOME — tête 'robot piscine'
robot piscine liberty 400,10,,0.0,,HOME — tête 'robot piscine'
robot piscine liberty 600,10,,0.0,,HOME — tête 'robot piscine'
robot piscine m600,10,,0.0,,HOME — tête 'robot piscine'
robot piscine manga x,10,,0.0,,HOME — tête 'robot piscine'
robot piscine mecanique,10,,0.0,,HOME — tête 'robot piscine'
robot piscine mia,10,,0.0,,HOME — tête 'robot piscine'
robot piscine moins cher,10,,0.0,,HOME — tête 'robot piscine'
robot piscine mopper,10,,0.0,,HOME — tête 'robot piscine'
robot piscine mousse,10,,0.0,,HOME — tête 'robot piscine'
robot piscine mova,10,,0.47,,HOME — tête 'robot piscine'
robot piscine mx6,10,,0.0,,HOME — tête 'robot piscine'
robot piscine mybot,10,,0.0,,HOME — tête 'robot piscine'
robot piscine ne bouge plus,10,,0.0,,HOME — tête 'robot piscine'
robot piscine neolium y50s,10,,0.0,,HOME — tête 'robot piscine'
robot piscine niya,10,,0.0,,HOME — tête 'robot piscine'
robot piscine niya tracker 55,10,,0.0,,HOME — tête 'robot piscine'
robot piscine oogarden,10,,0.0,,HOME — tête 'robot piscine'
robot piscine orange,10,,0.0,,HOME — tête 'robot piscine'
robot piscine orca 300,10,,0.0,,HOME — tête 'robot piscine'
robot piscine osprey 700,10,,0.0,,HOME — tête 'robot piscine'
robot piscine particule fine,10,,0.0,,HOME — tête 'robot piscine'
robot piscine payer en plusieurs fois,10,,0.0,,HOME — tête 'robot piscine'
robot piscine pentair,10,,0.0,,HOME — tête 'robot piscine'
robot piscine piranha,10,,0.66,,HOME — tête 'robot piscine'
robot piscine piscine center,10,,0.0,,HOME — tête 'robot piscine'
robot piscine plage immergée,10,,0.0,,HOME — tête 'robot piscine'
robot piscine pondee,10,,0.0,,HOME — tête 'robot piscine'
robot piscine procopi,10,,0.0,,HOME — tête 'robot piscine'
robot piscine professionnel,10,,0.0,,HOME — tête 'robot piscine'
robot piscine protrac,10,,0.0,,HOME — tête 'robot piscine'
robot piscine publique,10,,0.0,,HOME — tête 'robot piscine'
robot piscine pulit advance 5,10,,0.0,,HOME — tête 'robot piscine'
robot piscine quelle temperature eau,10,,0.0,,HOME — tête 'robot piscine'
robot piscine qui tourne en rond,10,,0.0,,HOME — tête 'robot piscine'
robot piscine racer,10,,0.41,,HOME — tête 'robot piscine'
robot piscine racer matrix,10,,0.0,,HOME — tête 'robot piscine'
robot piscine racer neo,10,,0.0,,HOME — tête 'robot piscine'
robot piscine racer sprint,10,,0.0,,HOME — tête 'robot piscine'
robot piscine racer success,10,,0.0,,HOME — tête 'robot piscine'
robot piscine racer winn,10,,0.0,,HOME — tête 'robot piscine'
robot piscine racer x0,10,,0.0,,HOME — tête 'robot piscine'
robot piscine racer xo,10,,0.0,,HOME — tête 'robot piscine'
robot piscine red panther,10,,0.0,,HOME — tête 'robot piscine'
robot piscine redkey s100,10,,0.0,,HOME — tête 'robot piscine'
robot piscine reparation,10,,0.0,,HOME — tête 'robot piscine'
robot piscine ronde,10,,0.54,,HOME — tête 'robot piscine'
robot piscine rw200,10,,0.0,,HOME — tête 'robot piscine'
robot piscine ryobi,10,,0.0,,HOME — tête 'robot piscine'
robot piscine s300,10,,0.0,,HOME — tête 'robot piscine'
robot piscine saneo,10,,0.53,,HOME — tête 'robot piscine'
robot piscine saneo es801,10,,0.61,,HOME — tête 'robot piscine'
robot piscine saneo p3,10,,0.87,,HOME — tête 'robot piscine'
robot piscine sans cable,10,,0.97,,HOME — tête 'robot piscine'
robot piscine scuba,10,,0.52,,HOME — tête 'robot piscine'
robot piscine scuba s1,10,,1.47,,HOME — tête 'robot piscine'
robot piscine scuba se,10,,0.0,,HOME — tête 'robot piscine'
robot piscine seauto crab,10,,0.0,,HOME — tête 'robot piscine'
robot piscine sharkvac,10,,0.0,,HOME — tête 'robot piscine'
robot piscine silvercrest,10,,0.0,,HOME — tête 'robot piscine'
robot piscine smartpool,10,,0.0,,HOME — tête 'robot piscine'
robot piscine soucoupe,10,,0.0,,HOME — tête 'robot piscine'
robot piscine spino e1,10,,0.89,,HOME — tête 'robot piscine'
robot piscine sur refoulement,10,,0.0,,HOME — tête 'robot piscine'
robot piscine surpresseur,10,,0.0,,HOME — tête 'robot piscine'
robot piscine sweepy,10,,0.0,,HOME — tête 'robot piscine'
robot piscine telecommandé,10,,0.0,,HOME — tête 'robot piscine'
robot piscine temo,10,,0.0,,HOME — tête 'robot piscine'
robot piscine temo 3,10,,0.0,,HOME — tête 'robot piscine'
robot piscine temperature eau,10,,0.0,,HOME — tête 'robot piscine'
robot piscine temperature minimum,10,,0.0,,HOME — tête 'robot piscine'
robot piscine température eau,10,,0.0,,HOME — tête 'robot piscine'
robot piscine temu,10,,0.0,,HOME — tête 'robot piscine'
robot piscine tiger shark moins cher,10,,0.0,,HOME — tête 'robot piscine'
robot piscine tiger shark qc,10,,0.0,,HOME — tête 'robot piscine'
robot piscine ultenic,10,,0.0,,HOME — tête 'robot piscine'
robot piscine ventouse,10,,0.0,,HOME — tête 'robot piscine'
robot piscine viper,10,,0.75,,HOME — tête 'robot piscine'
robot piscine virtuoso,10,,0.0,,HOME — tête 'robot piscine'
robot piscine vortex,10,,0.0,,HOME — tête 'robot piscine'
robot piscine vortex 3,10,,0.0,,HOME — tête 'robot piscine'
robot piscine wifi,10,,0.0,,HOME — tête 'robot piscine'
robot piscine winny,10,,0.0,,HOME — tête 'robot piscine'
robot piscine xiaomi,10,,0.0,,HOME — tête 'robot piscine'
robot piscine yzaki 100,10,,0.0,,HOME — tête 'robot piscine'
robot piscine yzaki 200,10,,0.0,,HOME — tête 'robot piscine'
robot piscine z1b,10,,0.0,,HOME — tête 'robot piscine'
robot piscine zenit,10,,0.0,,HOME — tête 'robot piscine'
robot piscine zenit 10,10,,0.0,,HOME — tête 'robot piscine'
robot piscine zx300,10,,0.0,,HOME — tête 'robot piscine'
robot piscine zx50,10,,0.0,,HOME — tête 'robot piscine'
robot piscines,10,,0.73,,HOME — tête 'robot piscine'
robot pour la piscine,10,,0.0,,HOME — tête 'robot piscine'
robot pour nettoyage piscine,10,,0.61,,HOME — tête 'robot piscine'
robot pour piscine desjoyaux,10,,0.0,,HOME — tête 'robot piscine'
robot pour piscine naturelle,10,,0.57,,HOME — tête 'robot piscine'
robot pour piscine octogonale,10,,0.0,,HOME — tête 'robot piscine'
robot pour piscine ronde,10,,0.54,,HOME — tête 'robot piscine'
robot pulisci piscina,10,,0.0,,HOME — tête 'robot piscine'
robot pulitore piscina,10,,0.0,,HOME — tête 'robot piscine'
robot qui nettoie la piscine,10,,0.0,,HOME — tête 'robot piscine'
robot racer piscine,10,,0.41,,HOME — tête 'robot piscine'
robot surpresseur piscine,10,,0.0,,HOME — tête 'robot piscine'
robot tondeuse et piscine,10,,0.0,,HOME — tête 'robot piscine'
robot tondeuse piscine,10,,0.0,,HOME — tête 'robot piscine'
robot électrique piscine,10,,0.95,,HOME — tête 'robot piscine'
robots cash piscine,10,,0.0,,HOME — tête 'robot piscine'
robots piscine electrique,10,,0.0,,HOME — tête 'robot piscine'
robots piscines electriques,10,,0.0,,HOME — tête 'robot piscine'
robots pour piscines,10,,0.0,,HOME — tête 'robot piscine'
rouleau robot piscine,10,,0.0,,HOME — tête 'robot piscine'
scuba robot piscine,10,,0.97,,HOME — tête 'robot piscine'
se baigner avec robot piscine,10,,0.0,,HOME — tête 'robot piscine'
spino e1 robot de piscine,10,,0.68,,HOME — tête 'robot piscine'
support robot piscine,10,,0.0,,HOME — tête 'robot piscine'
surpresseur pour robot piscine,10,,0.0,,HOME — tête 'robot piscine'
surpresseur robot piscine,10,,0.0,,HOME — tête 'robot piscine'
swivel robot piscine,10,,0.0,,HOME — tête 'robot piscine'
temperature eau pour robot piscine,10,,0.0,,HOME — tête 'robot piscine'
temperature robot piscine,10,,0.0,,HOME — tête 'robot piscine'
vente privee robot piscine,10,,0.0,,HOME — tête 'robot piscine'
vente privée robot piscine,10,,0.0,,HOME — tête 'robot piscine'
vente robot piscine,10,,0.0,,HOME — tête 'robot piscine'
video robot piscine,10,,0.0,,HOME — tête 'robot piscine'
wetrunner robot piscine,10,,0.0,,HOME — tête 'robot piscine'
piscine aspirant dunand,20,,0.0,,à trier
pompe aspirante piscine,20,,0.29,,à trier
aspirator de piscina dedeman,10,,0.0,,à trier
aspirator pentru piscina,10,,0.0,,à trier
aspirator piscina,10,,0.0,,à trier
